Pedido;Posición;Material;Cliente;Cantidad pedida;Cantidad entregada;UM;Fecha entrega;Hora entrega
4500001000;10;000000000009000001;CLI-100;654;654;CJ;05.10.2026;16:00
4500001001;10;000000000009000007;CLI-101;974;487;CJ;05.10.2026;17:30
4500001002;10;000000000009000003;CLI-102;851;426;CJ;05.10.2026;16:00
4500001003;10;000000000009000004;CLI-103;1.954;977;CJ;05.10.2026;11:30
4500001004;10;000000000009000003;CLI-104;1.167;0;CJ;05.10.2026;16:00
4500001005;10;000000000009000005;CLI-105;59.250;59.250;UN;05.10.2026;12:30
4500001006;10;000000000009000004;CLI-106;1.456;1.456;CJ;05.10.2026;13:00
4500001007;10;000000000009000006;CLI-100;590,40;590,40;KG;05.10.2026;11:30
4500001008;10;000000000009000005;CLI-101;52.230;26.115;UN;05.10.2026;10:00
4500001009;10;000000000009000001;CLI-102;1.430;1.430;CJ;05.10.2026;17:30
4500001010;10;000000000009000003;CLI-103;667;0;CJ;05.10.2026;14:00
4500001011;10;000000000009000008;CLI-104;1.612;1.612;CJ;05.10.2026;17:30
4500001012;10;000000000009000002;CLI-105;1.962;0;CJ;05.10.2026;12:00
4500001013;10;000000000009000004;CLI-106;1.484;1.484;CJ;05.10.2026;13:30
4500001014;10;000000000009000006;CLI-100;1.582,80;791,40;KG;05.10.2026;09:00
4500001015;10;000000000009000007;CLI-101;1.069;0;CJ;05.10.2026;14:30
4500001016;10;000000000009000004;CLI-102;1.207;604;CJ;05.10.2026;16:00
4500001017;10;000000000009000008;CLI-103;476;0;CJ;05.10.2026;10:30
4500001018;10;000000000009000005;CLI-104;27.210;27.210;UN;05.10.2026;16:00
4500001019;10;000000000009000005;CLI-105;55.020;0;UN;05.10.2026;12:30
4500001020;10;000000000009000008;CLI-106;1.417;1.417;CJ;05.10.2026;10:00
4500001021;10;000000000009000008;CLI-100;1.945;1.945;CJ;05.10.2026;07:30
4500001022;10;000000000009000002;CLI-101;1.555;0;CJ;05.10.2026;07:00
4500001023;10;000000000009000008;CLI-102;688;344;CJ;05.10.2026;09:30
