Material;Centro;Almacén;UM;Libre utilización;Fecha corte
000000000009000001;1000;0001;CJ;7.917;05.10.2026
000000000009000001;1000;0002;CJ;3.393;05.10.2026
000000000009000002;1000;0001;CJ;7.540;05.10.2026
000000000009000003;1000;0001;CJ;1.089;05.10.2026
000000000009000004;1000;0001;CJ;891;05.10.2026
000000000009000005;1000;0001;UN;264.000;05.10.2026
000000000009000006;2000;0001;KG;980,40;05.10.2026
000000000009000007;2000;0001;CJ;4.983;05.10.2026
000000000009000007;2000;0002;CJ;2.136;05.10.2026
000000000009000008;2000;0001;CJ;2.813;05.10.2026
