Fecha;Hora;Material;Centro origen;Centro destino;Cantidad;UM;Referencia
26.09.2026;10:00;000000000009000002;1000;0004;800;CJ;8100000
27.09.2026;09:00;000000000009000002;0004;0060;800;CJ;8100000
28.09.2026;10:00;000000000009000002;1000;0004;950;CJ;8100001
29.09.2026;09:00;000000000009000002;0004;0060;950;CJ;8100001
03.10.2026;10:00;000000000009000002;1000;0004;1.100;CJ;8100002
04.10.2026;10:00;000000000009000002;1000;0004;1.250;CJ;8100003
26.09.2026;10:00;000000000009000006;2000;0004;960,00;KG;8100004
27.09.2026;09:00;000000000009000006;0004;0060;960,00;KG;8100004
28.09.2026;10:00;000000000009000006;2000;0004;1.140,00;KG;8100005
29.09.2026;09:00;000000000009000006;0004;0060;1.140,00;KG;8100005
03.10.2026;10:00;000000000009000006;2000;0004;1.320,00;KG;8100006
04.10.2026;10:00;000000000009000006;2000;0004;1.500,00;KG;8100007
02.10.2026;10:00;000000000009000002;1000;0004;100;CJ;
01.10.2026;10:00;000000000009000002;1000;0004;100;CJ;MISMATCH
02.10.2026;10:00;000000000009000002;0004;0060;90;CJ;MISMATCH
