Material;Semana;Flujo;Cantidad;UM;Pronóstico vigente
000000000009000001;07.10.2024;CEDI;42.888;CJ;
000000000009000001;14.10.2024;CEDI;40.751;CJ;47.084
000000000009000001;14.10.2024;HARD_DISCOUNT;2.445;CJ;
000000000009000001;21.10.2024;CEDI;42.378;CJ;42.240
000000000009000001;28.10.2024;CEDI;40.812;CJ;42.405
000000000009000001;28.10.2024;HARD_DISCOUNT;2.449;CJ;
000000000009000001;04.11.2024;CEDI;44.233;CJ;44.218
000000000009000001;11.11.2024;CEDI;46.651;CJ;44.431
000000000009000001;11.11.2024;HARD_DISCOUNT;2.799;CJ;
000000000009000001;18.11.2024;CEDI;42.328;CJ;46.257
000000000009000001;25.11.2024;CEDI;41.905;CJ;46.385
000000000009000001;25.11.2024;HARD_DISCOUNT;2.514;CJ;
000000000009000001;02.12.2024;CEDI;45.417;CJ;41.105
000000000009000001;09.12.2024;CEDI;44.702;CJ;51.059
000000000009000001;09.12.2024;HARD_DISCOUNT;2.682;CJ;
000000000009000001;16.12.2024;CEDI;49.445;CJ;46.652
000000000009000001;23.12.2024;CEDI;47.328;CJ;47.168
000000000009000001;23.12.2024;HARD_DISCOUNT;2.840;CJ;
000000000009000001;30.12.2024;CEDI;45.083;CJ;47.070
000000000009000001;06.01.2025;CEDI;36.061;CJ;49.804
000000000009000001;06.01.2025;HARD_DISCOUNT;2.164;CJ;
000000000009000001;13.01.2025;CEDI;43.475;CJ;38.496
000000000009000001;20.01.2025;CEDI;40.429;CJ;46.605
000000000009000001;20.01.2025;HARD_DISCOUNT;2.426;CJ;
000000000009000001;27.01.2025;CEDI;37.452;CJ;43.463
000000000009000001;03.02.2025;CEDI;40.234;CJ;39.096
000000000009000001;03.02.2025;HARD_DISCOUNT;2.414;CJ;
000000000009000001;10.02.2025;CEDI;41.572;CJ;42.277
000000000009000001;17.02.2025;CEDI;42.478;CJ;42.560
000000000009000001;17.02.2025;HARD_DISCOUNT;2.549;CJ;
000000000009000001;24.02.2025;CEDI;44.185;CJ;42.617
000000000009000001;03.03.2025;CEDI;43.744;CJ;43.518
000000000009000001;03.03.2025;HARD_DISCOUNT;2.625;CJ;
000000000009000001;10.03.2025;CEDI;42.611;CJ;45.796
000000000009000001;17.03.2025;CEDI;42.741;CJ;40.418
000000000009000001;17.03.2025;HARD_DISCOUNT;2.564;CJ;
000000000009000001;24.03.2025;CEDI;54.010;CJ;44.296
000000000009000001;31.03.2025;CEDI;42.386;CJ;53.945
000000000009000001;31.03.2025;HARD_DISCOUNT;2.543;CJ;
000000000009000001;07.04.2025;CEDI;42.147;CJ;45.222
000000000009000001;28.04.2025;CEDI;43.644;CJ;49.122
000000000009000001;28.04.2025;HARD_DISCOUNT;2.619;CJ;
000000000009000001;05.05.2025;CEDI;48.296;CJ;46.496
000000000009000001;12.05.2025;CEDI;42.820;CJ;54.148
000000000009000001;12.05.2025;HARD_DISCOUNT;2.569;CJ;
000000000009000001;19.05.2025;CEDI;42.346;CJ;42.574
000000000009000001;26.05.2025;CEDI;41.889;CJ;42.585
000000000009000001;26.05.2025;HARD_DISCOUNT;2.513;CJ;
000000000009000001;02.06.2025;CEDI;40.972;CJ;40.642
000000000009000001;09.06.2025;CEDI;39.140;CJ;38.548
000000000009000001;09.06.2025;HARD_DISCOUNT;2.348;CJ;
000000000009000001;16.06.2025;CEDI;46.521;CJ;39.814
000000000009000001;23.06.2025;CEDI;41.321;CJ;50.848
000000000009000001;23.06.2025;HARD_DISCOUNT;2.479;CJ;
000000000009000001;30.06.2025;CEDI;42.579;CJ;40.876
000000000009000001;07.07.2025;CEDI;37.341;CJ;41.412
000000000009000001;07.07.2025;HARD_DISCOUNT;2.240;CJ;
000000000009000001;14.07.2025;CEDI;37.707;CJ;41.733
000000000009000001;21.07.2025;CEDI;55.984;CJ;36.928
000000000009000001;21.07.2025;HARD_DISCOUNT;3.359;CJ;
000000000009000001;28.07.2025;CEDI;39.368;CJ;57.734
000000000009000001;04.08.2025;CEDI;37.817;CJ;40.358
000000000009000001;04.08.2025;HARD_DISCOUNT;2.269;CJ;
000000000009000001;11.08.2025;CEDI;39.926;CJ;42.092
000000000009000001;18.08.2025;CEDI;47.626;CJ;40.192
000000000009000001;18.08.2025;HARD_DISCOUNT;2.858;CJ;
000000000009000001;25.08.2025;CEDI;48.884;CJ;51.387
000000000009000001;01.09.2025;CEDI;42.870;CJ;49.282
000000000009000001;01.09.2025;HARD_DISCOUNT;2.572;CJ;
000000000009000001;08.09.2025;CEDI;43.261;CJ;42.354
000000000009000001;15.09.2025;CEDI;46.586;CJ;40.787
000000000009000001;15.09.2025;HARD_DISCOUNT;2.795;CJ;
000000000009000001;22.09.2025;CEDI;41.736;CJ;47.539
000000000009000001;29.09.2025;CEDI;44.363;CJ;45.675
000000000009000001;29.09.2025;HARD_DISCOUNT;2.662;CJ;
000000000009000001;06.10.2025;CEDI;47.655;CJ;46.387
000000000009000001;13.10.2025;CEDI;47.655;CJ;52.376
000000000009000001;13.10.2025;HARD_DISCOUNT;2.859;CJ;
000000000009000001;20.10.2025;CEDI;42.237;CJ;53.931
000000000009000001;27.10.2025;CEDI;45.764;CJ;45.053
000000000009000001;27.10.2025;HARD_DISCOUNT;2.746;CJ;
000000000009000001;03.11.2025;CEDI;48.925;CJ;50.254
000000000009000001;10.11.2025;CEDI;45.361;CJ;53.596
000000000009000001;10.11.2025;HARD_DISCOUNT;2.722;CJ;
000000000009000001;17.11.2025;CEDI;47.444;CJ;44.006
000000000009000001;24.11.2025;CEDI;45.201;CJ;49.763
000000000009000001;24.11.2025;HARD_DISCOUNT;2.712;CJ;
000000000009000001;01.12.2025;CEDI;50.544;CJ;43.383
000000000009000001;08.12.2025;CEDI;47.213;CJ;50.723
000000000009000001;08.12.2025;HARD_DISCOUNT;2.833;CJ;
000000000009000001;15.12.2025;CEDI;51.225;CJ;45.764
000000000009000001;22.12.2025;CEDI;47.572;CJ;48.803
000000000009000001;22.12.2025;HARD_DISCOUNT;2.854;CJ;
000000000009000001;29.12.2025;CEDI;48.396;CJ;53.560
000000000009000001;05.01.2026;CEDI;37.718;CJ;47.672
000000000009000001;05.01.2026;HARD_DISCOUNT;2.263;CJ;
000000000009000001;12.01.2026;CEDI;37.836;CJ;39.064
000000000009000001;19.01.2026;CEDI;44.609;CJ;39.119
000000000009000001;19.01.2026;HARD_DISCOUNT;2.677;CJ;
000000000009000001;26.01.2026;CEDI;37.160;CJ;47.462
000000000009000001;02.02.2026;CEDI;40.736;CJ;38.566
000000000009000001;02.02.2026;HARD_DISCOUNT;2.444;CJ;
000000000009000001;09.02.2026;CEDI;43.296;CJ;46.063
000000000009000001;16.02.2026;CEDI;45.557;CJ;41.157
000000000009000001;16.02.2026;HARD_DISCOUNT;2.733;CJ;
000000000009000001;23.02.2026;CEDI;40.663;CJ;50.036
000000000009000001;02.03.2026;CEDI;44.069;CJ;43.900
000000000009000001;02.03.2026;HARD_DISCOUNT;2.644;CJ;
000000000009000001;09.03.2026;CEDI;41.696;CJ;48.717
000000000009000001;16.03.2026;CEDI;43.537;CJ;40.006
000000000009000001;16.03.2026;HARD_DISCOUNT;2.612;CJ;
000000000009000001;23.03.2026;CEDI;42.094;CJ;49.347
000000000009000001;30.03.2026;CEDI;44.041;CJ;40.346
000000000009000001;30.03.2026;HARD_DISCOUNT;2.642;CJ;
000000000009000001;06.04.2026;CEDI;39.523;CJ;46.082
000000000009000001;13.04.2026;CEDI;45.031;CJ;37.749
000000000009000001;13.04.2026;HARD_DISCOUNT;2.702;CJ;
000000000009000001;20.04.2026;CEDI;48.336;CJ;46.376
000000000009000001;27.04.2026;CEDI;48.691;CJ;46.739
000000000009000001;27.04.2026;HARD_DISCOUNT;2.921;CJ;
000000000009000001;04.05.2026;CEDI;39.271;CJ;46.581
000000000009000001;11.05.2026;CEDI;41.418;CJ;42.471
000000000009000001;11.05.2026;HARD_DISCOUNT;2.485;CJ;
000000000009000001;18.05.2026;CEDI;45.577;CJ;43.839
000000000009000001;25.05.2026;CEDI;48.890;CJ;50.762
000000000009000001;25.05.2026;HARD_DISCOUNT;2.933;CJ;
000000000009000001;01.06.2026;CEDI;44.350;CJ;48.129
000000000009000001;08.06.2026;CEDI;39.033;CJ;42.892
000000000009000001;08.06.2026;HARD_DISCOUNT;2.342;CJ;
000000000009000001;15.06.2026;CEDI;43.517;CJ;43.563
000000000009000001;22.06.2026;CEDI;41.919;CJ;44.934
000000000009000001;22.06.2026;HARD_DISCOUNT;2.515;CJ;
000000000009000001;29.06.2026;CEDI;47.218;CJ;45.357
000000000009000001;06.07.2026;CEDI;41.325;CJ;45.921
000000000009000001;06.07.2026;HARD_DISCOUNT;2.479;CJ;
000000000009000001;13.07.2026;CEDI;51.413;CJ;40.914
000000000009000001;20.07.2026;CEDI;47.081;CJ;55.268
000000000009000001;20.07.2026;HARD_DISCOUNT;2.825;CJ;
000000000009000001;27.07.2026;CEDI;43.954;CJ;48.016
000000000009000001;03.08.2026;CEDI;42.642;CJ;43.162
000000000009000001;03.08.2026;HARD_DISCOUNT;2.559;CJ;
000000000009000001;10.08.2026;CEDI;42.668;CJ;43.024
000000000009000001;17.08.2026;CEDI;41.043;CJ;46.387
000000000009000001;17.08.2026;HARD_DISCOUNT;2.463;CJ;
000000000009000001;24.08.2026;CEDI;43.522;CJ;40.845
000000000009000001;31.08.2026;CEDI;42.608;CJ;43.538
000000000009000001;31.08.2026;HARD_DISCOUNT;2.556;CJ;
000000000009000001;07.09.2026;CEDI;47.333;CJ;47.498
000000000009000001;14.09.2026;CEDI;46.024;CJ;53.912
000000000009000001;14.09.2026;HARD_DISCOUNT;2.761;CJ;
000000000009000001;21.09.2026;CEDI;58.525;CJ;50.791
000000000009000001;28.09.2026;CEDI;47.831;CJ;60.885
000000000009000001;28.09.2026;HARD_DISCOUNT;2.870;CJ;
000000000009000002;07.10.2024;CEDI;26.756;CJ;
000000000009000002;14.10.2024;CEDI;30.829;CJ;28.162
000000000009000002;21.10.2024;CEDI;26.498;CJ;32.436
000000000009000002;21.10.2024;EXPORT;1.325;CJ;
000000000009000002;28.10.2024;CEDI;28.898;CJ;30.054
000000000009000002;04.11.2024;CEDI;29.228;CJ;29.422
000000000009000002;11.11.2024;CEDI;28.653;CJ;30.061
000000000009000002;18.11.2024;CEDI;27.222;CJ;28.858
000000000009000002;18.11.2024;EXPORT;1.361;CJ;
000000000009000002;25.11.2024;CEDI;30.388;CJ;28.680
000000000009000002;02.12.2024;CEDI;30.225;CJ;30.872
000000000009000002;09.12.2024;CEDI;34.028;CJ;31.401
000000000009000002;16.12.2024;CEDI;34.165;CJ;32.864
000000000009000002;16.12.2024;EXPORT;1.708;CJ;
000000000009000002;23.12.2024;CEDI;28.354;CJ;32.132
000000000009000002;30.12.2024;CEDI;34.455;CJ;26.949
000000000009000002;06.01.2025;CEDI;27.328;CJ;32.752
000000000009000002;13.01.2025;CEDI;27.620;CJ;30.037
000000000009000002;13.01.2025;EXPORT;1.381;CJ;
000000000009000002;20.01.2025;CEDI;27.930;CJ;29.258
000000000009000002;27.01.2025;CEDI;26.332;CJ;31.130
000000000009000002;03.02.2025;CEDI;28.456;CJ;27.112
000000000009000002;10.02.2025;CEDI;26.845;CJ;28.746
000000000009000002;10.02.2025;EXPORT;1.342;CJ;
000000000009000002;17.02.2025;CEDI;27.599;CJ;25.630
000000000009000002;24.02.2025;CEDI;27.117;CJ;30.210
000000000009000002;03.03.2025;CEDI;29.538;CJ;30.299
000000000009000002;10.03.2025;CEDI;26.181;CJ;31.091
000000000009000002;10.03.2025;EXPORT;1.309;CJ;
000000000009000002;17.03.2025;CEDI;30.511;CJ;26.914
000000000009000002;24.03.2025;CEDI;26.839;CJ;29.724
000000000009000002;31.03.2025;CEDI;26.341;CJ;28.163
000000000009000002;07.04.2025;CEDI;25.988;CJ;26.129
000000000009000002;07.04.2025;EXPORT;1.299;CJ;
000000000009000002;14.04.2025;CEDI;27.067;CJ;25.825
000000000009000002;21.04.2025;CEDI;30.030;CJ;26.433
000000000009000002;28.04.2025;CEDI;28.520;CJ;31.691
000000000009000002;05.05.2025;CEDI;29.597;CJ;32.503
000000000009000002;05.05.2025;EXPORT;1.480;CJ;
000000000009000002;12.05.2025;CEDI;28.031;CJ;32.526
000000000009000002;19.05.2025;CEDI;27.410;CJ;27.301
000000000009000002;26.05.2025;CEDI;28.960;CJ;29.001
000000000009000002;02.06.2025;CEDI;30.191;CJ;29.615
000000000009000002;02.06.2025;EXPORT;1.510;CJ;
000000000009000002;09.06.2025;CEDI;29.525;CJ;32.343
000000000009000002;16.06.2025;CEDI;28.000;CJ;31.155
000000000009000002;23.06.2025;CEDI;27.060;CJ;27.209
000000000009000002;30.06.2025;CEDI;27.963;CJ;26.608
000000000009000002;30.06.2025;EXPORT;1.398;CJ;
000000000009000002;07.07.2025;CEDI;29.240;CJ;28.159
000000000009000002;14.07.2025;CEDI;27.141;CJ;33.136
000000000009000002;21.07.2025;CEDI;29.395;CJ;30.358
000000000009000002;28.07.2025;CEDI;25.609;CJ;31.496
000000000009000002;28.07.2025;EXPORT;1.280;CJ;
000000000009000002;04.08.2025;CEDI;28.811;CJ;28.756
000000000009000002;11.08.2025;CEDI;28.046;CJ;31.414
000000000009000002;18.08.2025;CEDI;29.358;CJ;30.001
000000000009000002;25.08.2025;CEDI;31.685;CJ;30.004
000000000009000002;25.08.2025;EXPORT;1.584;CJ;
000000000009000002;01.09.2025;CEDI;30.223;CJ;35.185
000000000009000002;08.09.2025;CEDI;29.654;CJ;31.475
000000000009000002;15.09.2025;CEDI;28.526;CJ;33.704
000000000009000002;22.09.2025;CEDI;31.162;CJ;29.734
000000000009000002;22.09.2025;EXPORT;1.558;CJ;
000000000009000002;29.09.2025;CEDI;28.386;CJ;33.699
000000000009000002;06.10.2025;CEDI;27.015;CJ;28.957
000000000009000002;13.10.2025;CEDI;27.871;CJ;26.467
000000000009000002;20.10.2025;CEDI;27.249;CJ;28.064
000000000009000002;20.10.2025;EXPORT;1.362;CJ;
000000000009000002;27.10.2025;CEDI;32.749;CJ;29.097
000000000009000002;03.11.2025;CEDI;27.061;CJ;32.147
000000000009000002;10.11.2025;CEDI;29.490;CJ;26.489
000000000009000002;17.11.2025;CEDI;30.818;CJ;32.713
000000000009000002;17.11.2025;EXPORT;1.541;CJ;
000000000009000002;24.11.2025;CEDI;28.768;CJ;34.339
000000000009000002;01.12.2025;CEDI;43.315;CJ;32.612
000000000009000002;08.12.2025;CEDI;33.687;CJ;43.482
000000000009000002;15.12.2025;CEDI;30.795;CJ;37.662
000000000009000002;15.12.2025;EXPORT;1.540;CJ;
000000000009000002;22.12.2025;CEDI;32.551;CJ;31.134
000000000009000002;29.12.2025;CEDI;33.952;CJ;35.258
000000000009000002;05.01.2026;CEDI;26.364;CJ;37.342
000000000009000002;12.01.2026;CEDI;30.412;CJ;25.638
000000000009000002;12.01.2026;EXPORT;1.521;CJ;
000000000009000002;19.01.2026;CEDI;29.102;CJ;29.514
000000000009000002;26.01.2026;CEDI;24.761;CJ;31.534
000000000009000002;02.02.2026;CEDI;29.155;CJ;23.354
000000000009000002;09.02.2026;CEDI;24.441;CJ;30.660
000000000009000002;09.02.2026;EXPORT;1.222;CJ;
000000000009000002;16.02.2026;CEDI;25.889;CJ;25.595
000000000009000002;23.02.2026;CEDI;25.527;CJ;26.061
000000000009000002;02.03.2026;CEDI;26.478;CJ;28.406
000000000009000002;09.03.2026;CEDI;31.949;CJ;27.000
000000000009000002;09.03.2026;EXPORT;1.597;CJ;
000000000009000002;16.03.2026;CEDI;28.771;CJ;30.408
000000000009000002;23.03.2026;CEDI;30.645;CJ;27.127
000000000009000002;30.03.2026;CEDI;26.816;CJ;32.401
000000000009000002;06.04.2026;CEDI;25.175;CJ;25.874
000000000009000002;06.04.2026;EXPORT;1.259;CJ;
000000000009000002;13.04.2026;CEDI;31.851;CJ;24.280
000000000009000002;20.04.2026;CEDI;28.050;CJ;32.757
000000000009000002;27.04.2026;CEDI;28.225;CJ;27.852
000000000009000002;04.05.2026;CEDI;31.254;CJ;29.030
000000000009000002;04.05.2026;EXPORT;1.563;CJ;
000000000009000002;11.05.2026;CEDI;28.075;CJ;32.237
000000000009000002;18.05.2026;CEDI;30.120;CJ;30.429
000000000009000002;25.05.2026;CEDI;28.125;CJ;33.940
000000000009000002;01.06.2026;CEDI;28.801;CJ;30.499
000000000009000002;01.06.2026;EXPORT;1.440;CJ;
000000000009000002;08.06.2026;CEDI;29.452;CJ;29.555
000000000009000002;15.06.2026;CEDI;27.271;CJ;27.773
000000000009000002;22.06.2026;CEDI;30.433;CJ;29.707
000000000009000002;29.06.2026;CEDI;26.922;CJ;34.100
000000000009000002;29.06.2026;EXPORT;1.346;CJ;
000000000009000002;06.07.2026;CEDI;28.136;CJ;26.845
000000000009000002;13.07.2026;CEDI;27.928;CJ;26.506
000000000009000002;20.07.2026;CEDI;26.921;CJ;30.646
000000000009000002;27.07.2026;CEDI;28.788;CJ;27.231
000000000009000002;27.07.2026;EXPORT;1.439;CJ;
000000000009000002;03.08.2026;CEDI;28.953;CJ;32.367
000000000009000002;10.08.2026;CEDI;32.799;CJ;30.852
000000000009000002;17.08.2026;CEDI;31.169;CJ;34.626
000000000009000002;24.08.2026;CEDI;30.190;CJ;30.169
000000000009000002;24.08.2026;EXPORT;1.509;CJ;
000000000009000002;31.08.2026;CEDI;31.224;CJ;34.310
000000000009000002;07.09.2026;CEDI;29.418;CJ;34.563
000000000009000002;14.09.2026;CEDI;32.408;CJ;31.835
000000000009000002;21.09.2026;CEDI;29.646;CJ;35.499
000000000009000002;21.09.2026;EXPORT;1.482;CJ;
000000000009000002;28.09.2026;CEDI;30.338;CJ;28.162
000000000009000003;07.10.2024;CEDI;32.925;CJ;
000000000009000003;14.10.2024;CEDI;35.053;CJ;31.865
000000000009000003;21.10.2024;CEDI;35.494;CJ;39.435
000000000009000003;28.10.2024;CEDI;34.949;CJ;33.403
000000000009000003;04.11.2024;CEDI;47.227;CJ;34.357
000000000009000003;11.11.2024;CEDI;33.268;CJ;49.563
000000000009000003;18.11.2024;CEDI;34.991;CJ;37.157
000000000009000003;25.11.2024;CEDI;36.912;CJ;37.129
000000000009000003;02.12.2024;CEDI;46.833;CJ;37.163
000000000009000003;09.12.2024;CEDI;41.761;CJ;45.279
000000000009000003;16.12.2024;CEDI;40.413;CJ;47.087
000000000009000003;23.12.2024;CEDI;36.229;CJ;42.313
000000000009000003;30.12.2024;CEDI;38.375;CJ;40.521
000000000009000003;06.01.2025;CEDI;30.020;CJ;39.457
000000000009000003;13.01.2025;CEDI;31.840;CJ;30.179
000000000009000003;20.01.2025;CEDI;32.451;CJ;31.376
000000000009000003;27.01.2025;CEDI;28.574;CJ;31.091
000000000009000003;03.02.2025;CEDI;29.389;CJ;29.925
000000000009000003;10.02.2025;CEDI;31.974;CJ;28.106
000000000009000003;17.02.2025;CEDI;31.749;CJ;33.773
000000000009000003;24.02.2025;CEDI;35.023;CJ;36.014
000000000009000003;03.03.2025;CEDI;40.910;CJ;36.172
000000000009000003;10.03.2025;CEDI;35.032;CJ;43.633
000000000009000003;17.03.2025;CEDI;31.724;CJ;35.009
000000000009000003;24.03.2025;CEDI;35.855;CJ;34.049
000000000009000003;31.03.2025;CEDI;32.303;CJ;37.459
000000000009000003;07.04.2025;CEDI;31.395;CJ;32.757
000000000009000003;14.04.2025;CEDI;35.299;CJ;33.792
000000000009000003;21.04.2025;CEDI;32.196;CJ;34.130
000000000009000003;28.04.2025;CEDI;29.511;CJ;32.168
000000000009000003;05.05.2025;CEDI;36.443;CJ;28.792
000000000009000003;12.05.2025;CEDI;32.735;CJ;40.650
000000000009000003;19.05.2025;CEDI;33.615;CJ;35.276
000000000009000003;26.05.2025;CEDI;34.443;CJ;35.159
000000000009000003;02.06.2025;CEDI;35.016;CJ;34.009
000000000009000003;09.06.2025;CEDI;33.644;CJ;37.548
000000000009000003;16.06.2025;CEDI;33.122;CJ;34.968
000000000009000003;23.06.2025;CEDI;36.068;CJ;36.428
000000000009000003;30.06.2025;CEDI;35.107;CJ;39.371
000000000009000003;07.07.2025;CEDI;34.528;CJ;35.502
000000000009000003;14.07.2025;CEDI;31.958;CJ;33.688
000000000009000003;21.07.2025;CEDI;31.318;CJ;33.468
000000000009000003;28.07.2025;CEDI;32.303;CJ;31.920
000000000009000003;04.08.2025;CEDI;36.164;CJ;33.032
000000000009000003;11.08.2025;CEDI;33.871;CJ;35.104
000000000009000003;18.08.2025;CEDI;33.137;CJ;35.572
000000000009000003;25.08.2025;CEDI;36.434;CJ;35.918
000000000009000003;01.09.2025;CEDI;37.356;CJ;39.494
000000000009000003;08.09.2025;CEDI;37.729;CJ;37.649
000000000009000003;15.09.2025;CEDI;34.352;CJ;40.356
000000000009000003;22.09.2025;CEDI;34.418;CJ;38.875
000000000009000003;29.09.2025;CEDI;47.914;CJ;34.221
000000000009000003;06.10.2025;CEDI;39.026;CJ;45.854
000000000009000003;13.10.2025;CEDI;37.590;CJ;38.253
000000000009000003;20.10.2025;CEDI;34.164;CJ;38.424
000000000009000003;27.10.2025;CEDI;30.267;CJ;38.005
000000000009000003;03.11.2025;CEDI;35.281;CJ;32.964
000000000009000003;10.11.2025;CEDI;35.355;CJ;39.742
000000000009000003;17.11.2025;CEDI;36.914;CJ;36.925
000000000009000003;24.11.2025;CEDI;32.021;CJ;35.520
000000000009000003;01.12.2025;CEDI;43.483;CJ;34.032
000000000009000003;08.12.2025;CEDI;40.107;CJ;46.632
000000000009000003;15.12.2025;CEDI;38.318;CJ;40.030
000000000009000003;22.12.2025;CEDI;37.243;CJ;38.371
000000000009000003;29.12.2025;CEDI;37.932;CJ;39.124
000000000009000003;05.01.2026;CEDI;32.458;CJ;42.441
000000000009000003;12.01.2026;CEDI;29.230;CJ;30.967
000000000009000003;19.01.2026;CEDI;34.355;CJ;32.469
000000000009000003;26.01.2026;CEDI;34.164;CJ;34.430
000000000009000003;02.02.2026;CEDI;32.676;CJ;34.836
000000000009000003;09.02.2026;CEDI;30.690;CJ;31.717
000000000009000003;16.02.2026;CEDI;29.514;CJ;30.431
000000000009000003;23.02.2026;CEDI;34.654;CJ;32.184
000000000009000003;02.03.2026;CEDI;33.917;CJ;35.283
000000000009000003;09.03.2026;CEDI;33.826;CJ;37.383
000000000009000003;16.03.2026;CEDI;33.814;CJ;32.454
000000000009000003;23.03.2026;CEDI;39.668;CJ;38.471
000000000009000003;30.03.2026;CEDI;37.262;CJ;40.696
000000000009000003;06.04.2026;CEDI;35.014;CJ;36.183
000000000009000003;13.04.2026;CEDI;32.582;CJ;36.676
000000000009000003;20.04.2026;CEDI;33.696;CJ;36.317
000000000009000003;27.04.2026;CEDI;34.848;CJ;37.355
000000000009000003;04.05.2026;CEDI;37.022;CJ;35.286
000000000009000003;11.05.2026;CEDI;35.851;CJ;34.938
000000000009000003;18.05.2026;CEDI;33.163;CJ;35.083
000000000009000003;25.05.2026;CEDI;33.794;CJ;37.329
000000000009000003;01.06.2026;CEDI;34.808;CJ;31.950
000000000009000003;08.06.2026;CEDI;34.927;CJ;38.761
000000000009000003;15.06.2026;CEDI;34.490;CJ;38.075
000000000009000003;22.06.2026;CEDI;36.567;CJ;36.272
000000000009000003;29.06.2026;CEDI;34.147;CJ;38.020
000000000009000003;06.07.2026;CEDI;31.405;CJ;35.011
000000000009000003;13.07.2026;CEDI;40.395;CJ;30.104
000000000009000003;20.07.2026;CEDI;36.366;CJ;39.652
000000000009000003;27.07.2026;CEDI;35.076;CJ;35.970
000000000009000003;03.08.2026;CEDI;35.935;CJ;39.683
000000000009000003;10.08.2026;CEDI;33.742;CJ;37.611
000000000009000003;17.08.2026;CEDI;33.290;CJ;35.110
000000000009000003;24.08.2026;CEDI;33.724;CJ;34.320
000000000009000003;31.08.2026;CEDI;39.549;CJ;33.447
000000000009000003;07.09.2026;CEDI;37.690;CJ;37.400
000000000009000003;14.09.2026;CEDI;36.564;CJ;36.418
000000000009000003;21.09.2026;CEDI;35.417;CJ;40.013
000000000009000003;28.09.2026;CEDI;33.801;CJ;34.412
000000000009000004;07.10.2024;CEDI;29.139;CJ;
000000000009000004;14.10.2024;CEDI;24.954;CJ;28.247
000000000009000004;21.10.2024;CEDI;26.459;CJ;25.370
000000000009000004;28.10.2024;CEDI;26.120;CJ;29.992
000000000009000004;04.11.2024;CEDI;27.653;CJ;24.613
000000000009000004;11.11.2024;CEDI;28.967;CJ;27.341
000000000009000004;18.11.2024;CEDI;30.473;CJ;28.879
000000000009000004;25.11.2024;CEDI;29.621;CJ;29.438
000000000009000004;02.12.2024;CEDI;26.820;CJ;32.880
000000000009000004;09.12.2024;CEDI;28.496;CJ;26.426
000000000009000004;16.12.2024;CEDI;29.799;CJ;30.751
000000000009000004;23.12.2024;CEDI;28.566;CJ;31.764
000000000009000004;30.12.2024;CEDI;32.005;CJ;27.350
000000000009000004;06.01.2025;CEDI;24.152;CJ;34.724
000000000009000004;13.01.2025;CEDI;24.420;CJ;24.886
000000000009000004;20.01.2025;CEDI;26.258;CJ;25.380
000000000009000004;27.01.2025;CEDI;28.170;CJ;25.331
000000000009000004;03.02.2025;CEDI;27.711;CJ;29.932
000000000009000004;10.02.2025;CEDI;28.176;CJ;28.828
000000000009000004;17.02.2025;CEDI;26.230;CJ;32.046
000000000009000004;24.02.2025;CEDI;26.195;CJ;25.406
000000000009000004;03.03.2025;CEDI;26.756;CJ;27.881
000000000009000004;10.03.2025;CEDI;27.064;CJ;29.443
000000000009000004;17.03.2025;CEDI;28.256;CJ;27.638
000000000009000004;24.03.2025;CEDI;25.928;CJ;30.007
000000000009000004;31.03.2025;CEDI;29.953;CJ;26.953
000000000009000004;07.04.2025;CEDI;28.099;CJ;31.773
000000000009000004;14.04.2025;CEDI;25.741;CJ;30.398
000000000009000004;21.04.2025;CEDI;30.012;CJ;25.256
000000000009000004;28.04.2025;CEDI;28.264;CJ;33.156
000000000009000004;05.05.2025;CEDI;28.866;CJ;31.323
000000000009000004;12.05.2025;CEDI;27.566;CJ;27.567
000000000009000004;19.05.2025;CEDI;26.436;CJ;26.437
000000000009000004;26.05.2025;CEDI;27.536;CJ;28.622
000000000009000004;02.06.2025;CEDI;26.044;CJ;28.378
000000000009000004;09.06.2025;CEDI;27.210;CJ;27.934
000000000009000004;16.06.2025;CEDI;25.477;CJ;28.134
000000000009000004;23.06.2025;CEDI;29.024;CJ;24.878
000000000009000004;30.06.2025;CEDI;30.353;CJ;32.929
000000000009000004;07.07.2025;CEDI;27.445;CJ;30.395
000000000009000004;14.07.2025;CEDI;26.891;CJ;31.197
000000000009000004;21.07.2025;CEDI;26.794;CJ;27.444
000000000009000004;28.07.2025;CEDI;25.556;CJ;28.858
000000000009000004;04.08.2025;CEDI;24.732;CJ;26.803
000000000009000004;11.08.2025;CEDI;31.531;CJ;27.860
000000000009000004;18.08.2025;CEDI;27.684;CJ;34.948
000000000009000004;25.08.2025;CEDI;28.008;CJ;29.405
000000000009000004;01.09.2025;CEDI;30.778;CJ;29.795
000000000009000004;08.09.2025;CEDI;27.048;CJ;30.319
000000000009000004;15.09.2025;CEDI;28.149;CJ;28.267
000000000009000004;22.09.2025;CEDI;29.727;CJ;27.999
000000000009000004;29.09.2025;CEDI;27.892;CJ;30.014
000000000009000004;06.10.2025;CEDI;30.511;CJ;27.976
000000000009000004;13.10.2025;CEDI;28.157;CJ;30.773
000000000009000004;20.10.2025;CEDI;26.208;CJ;29.504
000000000009000004;27.10.2025;CEDI;27.371;CJ;27.367
000000000009000004;03.11.2025;CEDI;33.610;CJ;28.041
000000000009000004;10.11.2025;CEDI;31.055;CJ;37.991
000000000009000004;17.11.2025;CEDI;29.564;CJ;30.972
000000000009000004;24.11.2025;CEDI;31.578;CJ;30.274
000000000009000004;01.12.2025;CEDI;30.306;CJ;32.140
000000000009000004;08.12.2025;CEDI;29.234;CJ;33.311
000000000009000004;15.12.2025;CEDI;35.503;CJ;30.781
000000000009000004;22.12.2025;CEDI;31.365;CJ;34.928
000000000009000004;29.12.2025;CEDI;30.676;CJ;34.338
000000000009000004;05.01.2026;CEDI;30.246;CJ;34.946
000000000009000004;12.01.2026;CEDI;25.036;CJ;33.412
000000000009000004;19.01.2026;CEDI;28.645;CJ;26.735
000000000009000004;26.01.2026;CEDI;32.490;CJ;27.473
000000000009000004;02.02.2026;CEDI;31.944;CJ;35.500
000000000009000004;09.02.2026;CEDI;30.716;CJ;30.928
000000000009000004;16.02.2026;CEDI;28.318;CJ;32.018
000000000009000004;23.02.2026;CEDI;32.579;CJ;32.030
000000000009000004;02.03.2026;CEDI;29.825;CJ;30.781
000000000009000004;09.03.2026;CEDI;27.000;CJ;28.717
000000000009000004;16.03.2026;CEDI;26.869;CJ;27.299
000000000009000004;23.03.2026;CEDI;29.433;CJ;27.146
000000000009000004;30.03.2026;CEDI;27.167;CJ;32.841
000000000009000004;06.04.2026;CEDI;31.442;CJ;25.977
000000000009000004;13.04.2026;CEDI;27.526;CJ;29.812
000000000009000004;20.04.2026;CEDI;26.594;CJ;28.306
000000000009000004;27.04.2026;CEDI;29.718;CJ;26.454
000000000009000004;04.05.2026;CEDI;29.911;CJ;32.206
000000000009000004;11.05.2026;CEDI;26.586;CJ;31.644
000000000009000004;18.05.2026;CEDI;29.445;CJ;25.330
000000000009000004;25.05.2026;CEDI;27.650;CJ;32.102
000000000009000004;01.06.2026;CEDI;26.288;CJ;29.841
000000000009000004;08.06.2026;CEDI;28.689;CJ;25.036
000000000009000004;15.06.2026;CEDI;26.251;CJ;31.868
000000000009000004;22.06.2026;CEDI;27.337;CJ;27.977
000000000009000004;29.06.2026;CEDI;28.744;CJ;28.723
000000000009000004;06.07.2026;CEDI;26.346;CJ;27.965
000000000009000004;13.07.2026;CEDI;26.262;CJ;28.737
000000000009000004;20.07.2026;CEDI;25.417;CJ;26.320
000000000009000004;27.07.2026;CEDI;29.009;CJ;28.652
000000000009000004;03.08.2026;CEDI;30.736;CJ;29.432
000000000009000004;10.08.2026;CEDI;32.186;CJ;30.222
000000000009000004;17.08.2026;CEDI;29.871;CJ;33.030
000000000009000004;24.08.2026;CEDI;29.587;CJ;31.245
000000000009000004;31.08.2026;CEDI;29.784;CJ;28.800
000000000009000004;07.09.2026;CEDI;28.373;CJ;32.007
000000000009000004;14.09.2026;CEDI;36.230;CJ;26.811
000000000009000004;21.09.2026;CEDI;30.007;CJ;36.154
000000000009000004;28.09.2026;CEDI;29.449;CJ;33.636
000000000009000005;07.10.2024;CEDI;848.015;UN;
000000000009000005;14.10.2024;CEDI;977.497;UN;871.969
000000000009000005;21.10.2024;CEDI;951.842;UN;1.005.305
000000000009000005;28.10.2024;CEDI;1.237.656;UN;1.019.840
000000000009000005;04.11.2024;CEDI;1.082.474;UN;1.204.427
000000000009000005;11.11.2024;CEDI;1.084.117;UN;1.033.722
000000000009000005;18.11.2024;CEDI;1.001.976;UN;1.115.648
000000000009000005;25.11.2024;CEDI;963.271;UN;1.014.217
000000000009000005;02.12.2024;CEDI;1.196.645;UN;1.044.190
000000000009000005;09.12.2024;CEDI;1.417.580;UN;1.302.914
000000000009000005;16.12.2024;CEDI;1.113.818;UN;1.345.109
000000000009000005;23.12.2024;CEDI;1.230.229;UN;1.193.196
000000000009000005;30.12.2024;CEDI;1.008.049;UN;1.170.725
000000000009000005;06.01.2025;CEDI;900.425;UN;999.181
000000000009000005;13.01.2025;CEDI;993.365;UN;876.419
000000000009000005;20.01.2025;CEDI;941.897;UN;1.119.010
000000000009000005;27.01.2025;CEDI;848.189;UN;1.071.870
000000000009000005;03.02.2025;CEDI;898.589;UN;909.156
000000000009000005;10.02.2025;CEDI;942.087;UN;911.479
000000000009000005;17.02.2025;CEDI;1.001.687;UN;894.842
000000000009000005;24.02.2025;CEDI;860.526;UN;1.076.611
000000000009000005;03.03.2025;CEDI;936.285;UN;910.347
000000000009000005;10.03.2025;CEDI;952.142;UN;1.023.352
000000000009000005;17.03.2025;CEDI;1.017.121;UN;920.580
000000000009000005;24.03.2025;CEDI;1.084.661;UN;994.361
000000000009000005;31.03.2025;CEDI;1.048.716;UN;1.027.343
000000000009000005;07.04.2025;CEDI;918.671;UN;1.108.539
000000000009000005;14.04.2025;CEDI;1.238.157;UN;979.479
000000000009000005;21.04.2025;CEDI;891.579;UN;1.193.271
000000000009000005;28.04.2025;CEDI;923.753;UN;944.624
000000000009000005;05.05.2025;CEDI;1.026.951;UN;1.026.682
000000000009000005;12.05.2025;CEDI;982.641;UN;984.468
000000000009000005;19.05.2025;CEDI;1.009.632;UN;1.007.866
000000000009000005;26.05.2025;CEDI;1.051.035;UN;1.064.835
000000000009000005;02.06.2025;CEDI;959.703;UN;1.107.475
000000000009000005;09.06.2025;CEDI;920.299;UN;1.050.853
000000000009000005;16.06.2025;CEDI;1.020.153;UN;973.448
000000000009000005;23.06.2025;CEDI;1.041.036;UN;1.034.467
000000000009000005;30.06.2025;CEDI;961.081;UN;983.714
000000000009000005;07.07.2025;CEDI;898.637;UN;947.428
000000000009000005;14.07.2025;CEDI;921.965;UN;922.523
000000000009000005;21.07.2025;CEDI;821.664;UN;944.822
000000000009000005;28.07.2025;CEDI;954.107;UN;932.772
000000000009000005;04.08.2025;CEDI;1.037.479;UN;999.735
000000000009000005;11.08.2025;CEDI;963.107;UN;1.155.302
000000000009000005;18.08.2025;CEDI;1.077.837;UN;962.253
000000000009000005;25.08.2025;CEDI;1.038.532;UN;1.218.764
000000000009000005;01.09.2025;CEDI;1.019.572;UN;982.900
000000000009000005;08.09.2025;CEDI;1.067.653;UN;1.053.164
000000000009000005;15.09.2025;CEDI;962.985;UN;1.199.667
000000000009000005;22.09.2025;CEDI;1.060.392;UN;1.025.575
000000000009000005;29.09.2025;CEDI;979.425;UN;1.041.693
000000000009000005;06.10.2025;CEDI;976.437;UN;983.812
000000000009000005;13.10.2025;CEDI;993.014;UN;1.101.002
000000000009000005;20.10.2025;CEDI;950.549;UN;980.035
000000000009000005;27.10.2025;CEDI;1.057.341;UN;931.286
000000000009000005;03.11.2025;CEDI;1.007.081;UN;1.183.466
000000000009000005;10.11.2025;CEDI;999.813;UN;1.056.763
000000000009000005;17.11.2025;CEDI;1.105.446;UN;1.112.964
000000000009000005;24.11.2025;CEDI;1.078.358;UN;1.085.203
000000000009000005;01.12.2025;CEDI;1.149.376;UN;1.189.634
000000000009000005;08.12.2025;CEDI;1.169.353;UN;1.267.611
000000000009000005;15.12.2025;CEDI;1.216.515;UN;1.307.511
000000000009000005;22.12.2025;CEDI;1.030.463;UN;1.213.892
000000000009000005;29.12.2025;CEDI;1.278.163;UN;1.098.069
000000000009000005;05.01.2026;CEDI;914.833;UN;1.444.156
000000000009000005;12.01.2026;CEDI;944.813;UN;995.309
000000000009000005;19.01.2026;CEDI;941.731;UN;1.010.241
000000000009000005;26.01.2026;CEDI;979.187;UN;984.795
000000000009000005;02.02.2026;CEDI;936.352;UN;1.010.207
000000000009000005;09.02.2026;CEDI;968.940;UN;1.066.431
000000000009000005;16.02.2026;CEDI;1.095.826;UN;1.091.455
000000000009000005;23.02.2026;CEDI;973.832;UN;1.194.185
000000000009000005;02.03.2026;CEDI;996.520;UN;1.030.640
000000000009000005;09.03.2026;CEDI;997.332;UN;1.124.126
000000000009000005;16.03.2026;CEDI;893.138;UN;1.132.582
000000000009000005;23.03.2026;CEDI;1.036.617;UN;985.279
000000000009000005;30.03.2026;CEDI;1.063.172;UN;1.061.316
000000000009000005;06.04.2026;CEDI;892.076;UN;1.143.469
000000000009000005;13.04.2026;CEDI;1.074.170;UN;911.442
000000000009000005;20.04.2026;CEDI;1.045.825;UN;1.051.304
000000000009000005;27.04.2026;CEDI;1.002.471;UN;1.055.701
000000000009000005;04.05.2026;CEDI;977.324;UN;1.040.319
000000000009000005;11.05.2026;CEDI;969.482;UN;1.012.370
000000000009000005;18.05.2026;CEDI;1.134.013;UN;984.614
000000000009000005;25.05.2026;CEDI;1.076.935;UN;1.237.350
000000000009000005;01.06.2026;CEDI;1.095.358;UN;1.219.269
000000000009000005;08.06.2026;CEDI;970.392;UN;1.136.204
000000000009000005;15.06.2026;CEDI;1.079.942;UN;1.008.920
000000000009000005;22.06.2026;CEDI;968.943;UN;1.046.866
000000000009000005;29.06.2026;CEDI;1.084.405;UN;951.547
000000000009000005;06.07.2026;CEDI;1.055.389;UN;1.112.325
000000000009000005;13.07.2026;CEDI;903.495;UN;1.081.727
000000000009000005;20.07.2026;CEDI;920.461;UN;1.016.215
000000000009000005;27.07.2026;CEDI;925.041;UN;1.038.767
000000000009000005;03.08.2026;CEDI;1.245.708;UN;990.298
000000000009000005;10.08.2026;CEDI;1.038.168;UN;1.396.073
000000000009000005;17.08.2026;CEDI;1.085.685;UN;1.148.275
000000000009000005;24.08.2026;CEDI;1.060.171;UN;1.161.577
000000000009000005;31.08.2026;CEDI;1.134.081;UN;1.118.744
000000000009000005;07.09.2026;CEDI;1.136.157;UN;1.081.057
000000000009000005;14.09.2026;CEDI;991.629;UN;1.118.394
000000000009000005;21.09.2026;CEDI;1.028.036;UN;1.081.012
000000000009000005;28.09.2026;CEDI;1.032.737;UN;1.088.829
000000000009000006;07.10.2024;CEDI;3.261,65;KG;
000000000009000006;14.10.2024;CEDI;4.865,12;KG;3.375,52
000000000009000006;21.10.2024;CEDI;3.832,22;KG;5.139,72
000000000009000006;21.10.2024;EXPORT;191,61;KG;
000000000009000006;28.10.2024;CEDI;3.597,58;KG;3.878,85
000000000009000006;04.11.2024;CEDI;3.866,76;KG;3.505,78
000000000009000006;11.11.2024;CEDI;3.833,84;KG;3.898,27
000000000009000006;18.11.2024;CEDI;3.771,53;KG;3.606,25
000000000009000006;18.11.2024;EXPORT;188,58;KG;
000000000009000006;25.11.2024;CEDI;3.592,82;KG;3.967,53
000000000009000006;02.12.2024;CEDI;4.362,67;KG;3.660,94
000000000009000006;09.12.2024;CEDI;4.249,56;KG;4.562,02
000000000009000006;16.12.2024;CEDI;4.010,74;KG;4.501,03
000000000009000006;16.12.2024;EXPORT;200,54;KG;
000000000009000006;23.12.2024;CEDI;3.847,87;KG;4.102,84
000000000009000006;30.12.2024;CEDI;3.634,41;KG;3.618,94
000000000009000006;06.01.2025;CEDI;3.387,04;KG;3.764,68
000000000009000006;13.01.2025;CEDI;3.552,38;KG;3.638,48
000000000009000006;13.01.2025;EXPORT;177,62;KG;
000000000009000006;20.01.2025;CEDI;3.524,20;KG;3.918,14
000000000009000006;27.01.2025;CEDI;3.525,24;KG;3.791,16
000000000009000006;03.02.2025;CEDI;3.414,87;KG;3.928,14
000000000009000006;10.02.2025;CEDI;3.604,46;KG;3.466,47
000000000009000006;10.02.2025;EXPORT;180,22;KG;
000000000009000006;17.02.2025;CEDI;3.566,79;KG;3.403,14
000000000009000006;24.02.2025;CEDI;3.798,60;KG;3.882,92
000000000009000006;03.03.2025;CEDI;3.613,95;KG;3.662,50
000000000009000006;10.03.2025;CEDI;3.636,85;KG;3.870,84
000000000009000006;10.03.2025;EXPORT;181,84;KG;
000000000009000006;17.03.2025;CEDI;3.264,83;KG;3.902,58
000000000009000006;24.03.2025;CEDI;3.434,63;KG;3.664,82
000000000009000006;31.03.2025;CEDI;3.617,58;KG;3.604,92
000000000009000006;07.04.2025;CEDI;3.599,44;KG;3.791,02
000000000009000006;07.04.2025;EXPORT;179,97;KG;
000000000009000006;14.04.2025;CEDI;3.506,21;KG;3.943,68
000000000009000006;21.04.2025;CEDI;3.660,06;KG;3.838,70
000000000009000006;28.04.2025;CEDI;4.089,54;KG;3.811,39
000000000009000006;05.05.2025;CEDI;4.196,49;KG;4.010,37
000000000009000006;05.05.2025;EXPORT;209,82;KG;
000000000009000006;12.05.2025;CEDI;4.031,62;KG;4.051,10
000000000009000006;19.05.2025;CEDI;4.244,59;KG;4.329,08
000000000009000006;26.05.2025;CEDI;4.448,11;KG;4.636,38
000000000009000006;02.06.2025;CEDI;3.765,55;KG;4.288,85
000000000009000006;02.06.2025;EXPORT;188,28;KG;
000000000009000006;09.06.2025;CEDI;3.269,37;KG;4.040,12
000000000009000006;16.06.2025;CEDI;3.869,22;KG;3.437,89
000000000009000006;23.06.2025;CEDI;3.845,11;KG;3.814,85
000000000009000006;30.06.2025;CEDI;3.920,84;KG;3.716,71
000000000009000006;30.06.2025;EXPORT;196,04;KG;
000000000009000006;07.07.2025;CEDI;3.187,37;KG;3.948,53
000000000009000006;14.07.2025;CEDI;3.586,43;KG;3.212,01
000000000009000006;21.07.2025;CEDI;3.571,50;KG;3.399,63
000000000009000006;28.07.2025;CEDI;3.363,22;KG;3.478,73
000000000009000006;28.07.2025;EXPORT;168,16;KG;
000000000009000006;04.08.2025;CEDI;3.841,44;KG;3.549,38
000000000009000006;11.08.2025;CEDI;3.647,95;KG;4.029,30
000000000009000006;18.08.2025;CEDI;3.875,31;KG;3.696,17
000000000009000006;25.08.2025;CEDI;3.941,97;KG;3.923,06
000000000009000006;25.08.2025;EXPORT;197,10;KG;
000000000009000006;01.09.2025;CEDI;3.577,60;KG;3.806,51
000000000009000006;08.09.2025;CEDI;3.803,25;KG;3.389,21
000000000009000006;15.09.2025;CEDI;3.872,34;KG;3.758,23
000000000009000006;22.09.2025;CEDI;3.626,28;KG;4.149,64
000000000009000006;22.09.2025;EXPORT;181,31;KG;
000000000009000006;29.09.2025;CEDI;4.080,17;KG;4.015,88
000000000009000006;06.10.2025;CEDI;3.651,56;KG;4.401,24
000000000009000006;13.10.2025;CEDI;3.787,84;KG;3.678,06
000000000009000006;20.10.2025;CEDI;3.708,92;KG;4.307,79
000000000009000006;20.10.2025;EXPORT;185,45;KG;
000000000009000006;27.10.2025;CEDI;3.872,95;KG;3.567,40
000000000009000006;03.11.2025;CEDI;3.770,48;KG;3.787,59
000000000009000006;10.11.2025;CEDI;4.108,70;KG;4.019,13
000000000009000006;17.11.2025;CEDI;4.195,90;KG;4.447,25
000000000009000006;17.11.2025;EXPORT;209,79;KG;
000000000009000006;24.11.2025;CEDI;4.045,84;KG;4.630,10
000000000009000006;01.12.2025;CEDI;3.713,15;KG;4.257,46
000000000009000006;08.12.2025;CEDI;4.383,49;KG;3.777,07
000000000009000006;15.12.2025;CEDI;4.051,12;KG;4.214,30
000000000009000006;15.12.2025;EXPORT;202,56;KG;
000000000009000006;22.12.2025;CEDI;4.821,39;KG;4.127,66
000000000009000006;29.12.2025;CEDI;4.374,79;KG;5.426,10
000000000009000006;05.01.2026;CEDI;3.649,58;KG;4.286,07
000000000009000006;12.01.2026;CEDI;3.044,66;KG;3.461,26
000000000009000006;12.01.2026;EXPORT;152,23;KG;
000000000009000006;19.01.2026;CEDI;3.426,22;KG;3.263,13
000000000009000006;26.01.2026;CEDI;3.321,05;KG;3.476,76
000000000009000006;02.02.2026;CEDI;4.553,50;KG;3.465,19
000000000009000006;09.02.2026;CEDI;3.960,22;KG;4.397,56
000000000009000006;09.02.2026;EXPORT;198,01;KG;
000000000009000006;16.02.2026;CEDI;3.729,76;KG;4.389,19
000000000009000006;23.02.2026;CEDI;3.430,75;KG;3.966,58
000000000009000006;02.03.2026;CEDI;3.721,66;KG;3.759,40
000000000009000006;09.03.2026;CEDI;3.711,01;KG;3.999,29
000000000009000006;09.03.2026;EXPORT;185,55;KG;
000000000009000006;16.03.2026;CEDI;4.279,01;KG;4.066,18
000000000009000006;23.03.2026;CEDI;3.760,17;KG;4.575,15
000000000009000006;30.03.2026;CEDI;3.819,86;KG;3.974,73
000000000009000006;06.04.2026;CEDI;3.822,54;KG;3.848,72
000000000009000006;06.04.2026;EXPORT;191,13;KG;
000000000009000006;13.04.2026;CEDI;3.774,45;KG;3.772,16
000000000009000006;20.04.2026;CEDI;3.952,66;KG;4.195,98
000000000009000006;27.04.2026;CEDI;3.844,70;KG;4.191,77
000000000009000006;04.05.2026;CEDI;3.847,44;KG;3.629,57
000000000009000006;04.05.2026;EXPORT;192,37;KG;
000000000009000006;11.05.2026;CEDI;3.586,16;KG;4.025,47
000000000009000006;18.05.2026;CEDI;3.799,96;KG;3.679,37
000000000009000006;25.05.2026;CEDI;3.924,00;KG;3.844,45
000000000009000006;01.06.2026;CEDI;3.904,28;KG;3.933,90
000000000009000006;01.06.2026;EXPORT;195,21;KG;
000000000009000006;08.06.2026;CEDI;3.564,22;KG;4.133,50
000000000009000006;15.06.2026;CEDI;3.711,96;KG;3.623,23
000000000009000006;22.06.2026;CEDI;3.422,63;KG;3.836,69
000000000009000006;29.06.2026;CEDI;3.917,70;KG;3.257,65
000000000009000006;29.06.2026;EXPORT;195,89;KG;
000000000009000006;06.07.2026;CEDI;3.321,09;KG;4.195,16
000000000009000006;13.07.2026;CEDI;3.599,64;KG;3.708,13
000000000009000006;20.07.2026;CEDI;3.433,98;KG;4.099,35
000000000009000006;27.07.2026;CEDI;3.721,21;KG;3.541,00
000000000009000006;27.07.2026;EXPORT;186,06;KG;
000000000009000006;03.08.2026;CEDI;3.834,99;KG;3.783,48
000000000009000006;10.08.2026;CEDI;3.723,30;KG;3.649,59
000000000009000006;17.08.2026;CEDI;3.688,88;KG;4.226,30
000000000009000006;24.08.2026;CEDI;3.789,77;KG;4.188,44
000000000009000006;24.08.2026;EXPORT;189,49;KG;
000000000009000006;31.08.2026;CEDI;4.375,49;KG;4.064,67
000000000009000006;07.09.2026;CEDI;4.014,19;KG;4.756,49
000000000009000006;14.09.2026;CEDI;5.236,55;KG;4.304,28
000000000009000006;21.09.2026;CEDI;4.390,22;KG;5.687,61
000000000009000006;21.09.2026;EXPORT;219,51;KG;
000000000009000006;28.09.2026;CEDI;4.262,49;KG;4.384,53
000000000009000007;07.10.2024;CEDI;26.115;CJ;
000000000009000007;14.10.2024;CEDI;27.527;CJ;29.698
000000000009000007;14.10.2024;HARD_DISCOUNT;1.652;CJ;
000000000009000007;21.10.2024;CEDI;28.279;CJ;26.713
000000000009000007;28.10.2024;CEDI;35.505;CJ;30.486
000000000009000007;28.10.2024;HARD_DISCOUNT;2.130;CJ;
000000000009000007;04.11.2024;CEDI;28.336;CJ;36.968
000000000009000007;11.11.2024;CEDI;26.954;CJ;29.762
000000000009000007;11.11.2024;HARD_DISCOUNT;1.617;CJ;
000000000009000007;18.11.2024;CEDI;27.898;CJ;26.337
000000000009000007;25.11.2024;CEDI;26.239;CJ;28.884
000000000009000007;25.11.2024;HARD_DISCOUNT;1.574;CJ;
000000000009000007;02.12.2024;CEDI;27.656;CJ;27.929
000000000009000007;09.12.2024;CEDI;29.953;CJ;26.857
000000000009000007;09.12.2024;HARD_DISCOUNT;1.797;CJ;
000000000009000007;16.12.2024;CEDI;31.500;CJ;31.232
000000000009000007;23.12.2024;CEDI;32.841;CJ;32.238
000000000009000007;23.12.2024;HARD_DISCOUNT;1.970;CJ;
000000000009000007;30.12.2024;CEDI;31.272;CJ;36.275
000000000009000007;06.01.2025;CEDI;24.563;CJ;34.185
000000000009000007;06.01.2025;HARD_DISCOUNT;1.474;CJ;
000000000009000007;13.01.2025;CEDI;23.973;CJ;26.651
000000000009000007;20.01.2025;CEDI;23.296;CJ;23.416
000000000009000007;20.01.2025;HARD_DISCOUNT;1.398;CJ;
000000000009000007;27.01.2025;CEDI;24.863;CJ;24.415
000000000009000007;03.02.2025;CEDI;25.932;CJ;25.670
000000000009000007;03.02.2025;HARD_DISCOUNT;1.556;CJ;
000000000009000007;10.02.2025;CEDI;25.598;CJ;26.742
000000000009000007;17.02.2025;CEDI;25.583;CJ;27.054
000000000009000007;17.02.2025;HARD_DISCOUNT;1.535;CJ;
000000000009000007;24.02.2025;CEDI;27.513;CJ;24.927
000000000009000007;03.03.2025;CEDI;27.932;CJ;29.052
000000000009000007;03.03.2025;HARD_DISCOUNT;1.676;CJ;
000000000009000007;10.03.2025;CEDI;25.902;CJ;30.881
000000000009000007;17.03.2025;CEDI;23.844;CJ;24.938
000000000009000007;17.03.2025;HARD_DISCOUNT;1.431;CJ;
000000000009000007;24.03.2025;CEDI;24.867;CJ;25.533
000000000009000007;31.03.2025;CEDI;27.114;CJ;27.996
000000000009000007;31.03.2025;HARD_DISCOUNT;1.627;CJ;
000000000009000007;07.04.2025;CEDI;25.237;CJ;29.350
000000000009000007;14.04.2025;CEDI;28.998;CJ;28.045
000000000009000007;14.04.2025;HARD_DISCOUNT;1.740;CJ;
000000000009000007;21.04.2025;CEDI;25.810;CJ;29.579
000000000009000007;28.04.2025;CEDI;27.726;CJ;25.484
000000000009000007;28.04.2025;HARD_DISCOUNT;1.664;CJ;
000000000009000007;05.05.2025;CEDI;29.196;CJ;28.820
000000000009000007;12.05.2025;CEDI;27.739;CJ;31.620
000000000009000007;12.05.2025;HARD_DISCOUNT;1.664;CJ;
000000000009000007;19.05.2025;CEDI;28.894;CJ;28.322
000000000009000007;26.05.2025;CEDI;26.926;CJ;27.216
000000000009000007;26.05.2025;HARD_DISCOUNT;1.616;CJ;
000000000009000007;02.06.2025;CEDI;27.777;CJ;25.538
000000000009000007;09.06.2025;CEDI;24.829;CJ;26.215
000000000009000007;09.06.2025;HARD_DISCOUNT;1.490;CJ;
000000000009000007;16.06.2025;CEDI;26.504;CJ;26.440
000000000009000007;23.06.2025;CEDI;23.063;CJ;30.045
000000000009000007;23.06.2025;HARD_DISCOUNT;1.384;CJ;
000000000009000007;30.06.2025;CEDI;27.213;CJ;24.660
000000000009000007;07.07.2025;CEDI;24.162;CJ;26.230
000000000009000007;07.07.2025;HARD_DISCOUNT;1.450;CJ;
000000000009000007;14.07.2025;CEDI;26.398;CJ;23.006
000000000009000007;21.07.2025;CEDI;24.401;CJ;26.702
000000000009000007;21.07.2025;HARD_DISCOUNT;1.464;CJ;
000000000009000007;28.07.2025;CEDI;26.376;CJ;24.993
000000000009000007;04.08.2025;CEDI;30.369;CJ;26.881
000000000009000007;04.08.2025;HARD_DISCOUNT;1.822;CJ;
000000000009000007;11.08.2025;CEDI;26.248;CJ;30.745
000000000009000007;18.08.2025;CEDI;27.637;CJ;27.247
000000000009000007;18.08.2025;HARD_DISCOUNT;1.658;CJ;
000000000009000007;25.08.2025;CEDI;23.952;CJ;30.646
000000000009000007;01.09.2025;CEDI;30.605;CJ;27.148
000000000009000007;01.09.2025;HARD_DISCOUNT;1.836;CJ;
000000000009000007;08.09.2025;CEDI;23.744;CJ;31.648
000000000009000007;15.09.2025;CEDI;30.743;CJ;22.811
000000000009000007;15.09.2025;HARD_DISCOUNT;1.845;CJ;
000000000009000007;22.09.2025;CEDI;26.552;CJ;34.796
000000000009000007;29.09.2025;CEDI;27.525;CJ;27.003
000000000009000007;29.09.2025;HARD_DISCOUNT;1.651;CJ;
000000000009000007;06.10.2025;CEDI;25.344;CJ;29.136
000000000009000007;13.10.2025;CEDI;26.040;CJ;26.502
000000000009000007;13.10.2025;HARD_DISCOUNT;1.562;CJ;
000000000009000007;20.10.2025;CEDI;27.645;CJ;25.688
000000000009000007;27.10.2025;CEDI;31.044;CJ;29.685
000000000009000007;27.10.2025;HARD_DISCOUNT;1.863;CJ;
000000000009000007;03.11.2025;CEDI;24.947;CJ;34.940
000000000009000007;10.11.2025;CEDI;28.182;CJ;26.073
000000000009000007;10.11.2025;HARD_DISCOUNT;1.691;CJ;
000000000009000007;17.11.2025;CEDI;29.208;CJ;29.062
000000000009000007;24.11.2025;CEDI;26.855;CJ;28.936
000000000009000007;24.11.2025;HARD_DISCOUNT;1.611;CJ;
000000000009000007;01.12.2025;CEDI;32.552;CJ;25.652
000000000009000007;08.12.2025;CEDI;30.189;CJ;35.874
000000000009000007;08.12.2025;HARD_DISCOUNT;1.811;CJ;
000000000009000007;15.12.2025;CEDI;32.036;CJ;34.113
000000000009000007;22.12.2025;CEDI;29.437;CJ;34.270
000000000009000007;22.12.2025;HARD_DISCOUNT;1.766;CJ;
000000000009000007;29.12.2025;CEDI;28.658;CJ;28.441
000000000009000007;05.01.2026;CEDI;25.206;CJ;31.126
000000000009000007;05.01.2026;HARD_DISCOUNT;1.512;CJ;
000000000009000007;12.01.2026;CEDI;24.454;CJ;28.249
000000000009000007;19.01.2026;CEDI;23.123;CJ;27.527
000000000009000007;19.01.2026;HARD_DISCOUNT;1.387;CJ;
000000000009000007;26.01.2026;CEDI;27.714;CJ;22.423
000000000009000007;02.02.2026;CEDI;23.289;CJ;27.301
000000000009000007;02.02.2026;HARD_DISCOUNT;1.397;CJ;
000000000009000007;09.02.2026;CEDI;29.298;CJ;23.712
000000000009000007;16.02.2026;CEDI;28.367;CJ;29.164
000000000009000007;16.02.2026;HARD_DISCOUNT;1.702;CJ;
000000000009000007;23.02.2026;CEDI;27.928;CJ;29.355
000000000009000007;02.03.2026;CEDI;24.214;CJ;31.319
000000000009000007;02.03.2026;HARD_DISCOUNT;1.453;CJ;
000000000009000007;09.03.2026;CEDI;24.697;CJ;25.171
000000000009000007;16.03.2026;CEDI;24.656;CJ;26.268
000000000009000007;16.03.2026;HARD_DISCOUNT;1.479;CJ;
000000000009000007;23.03.2026;CEDI;25.969;CJ;24.211
000000000009000007;30.03.2026;CEDI;28.990;CJ;28.571
000000000009000007;30.03.2026;HARD_DISCOUNT;1.739;CJ;
000000000009000007;06.04.2026;CEDI;27.348;CJ;28.839
000000000009000007;13.04.2026;CEDI;23.955;CJ;26.794
000000000009000007;13.04.2026;HARD_DISCOUNT;1.437;CJ;
000000000009000007;20.04.2026;CEDI;28.876;CJ;25.337
000000000009000007;27.04.2026;CEDI;27.610;CJ;32.101
000000000009000007;27.04.2026;HARD_DISCOUNT;1.657;CJ;
000000000009000007;04.05.2026;CEDI;28.395;CJ;26.990
000000000009000007;11.05.2026;CEDI;28.634;CJ;27.345
000000000009000007;11.05.2026;HARD_DISCOUNT;1.718;CJ;
000000000009000007;18.05.2026;CEDI;23.943;CJ;31.920
000000000009000007;25.05.2026;CEDI;31.419;CJ;26.993
000000000009000007;25.05.2026;HARD_DISCOUNT;1.885;CJ;
000000000009000007;01.06.2026;CEDI;27.463;CJ;35.572
000000000009000007;08.06.2026;CEDI;24.135;CJ;28.375
000000000009000007;08.06.2026;HARD_DISCOUNT;1.448;CJ;
000000000009000007;15.06.2026;CEDI;24.947;CJ;26.799
000000000009000007;22.06.2026;CEDI;26.378;CJ;27.536
000000000009000007;22.06.2026;HARD_DISCOUNT;1.583;CJ;
000000000009000007;29.06.2026;CEDI;26.122;CJ;26.648
000000000009000007;06.07.2026;CEDI;27.759;CJ;28.703
000000000009000007;06.07.2026;HARD_DISCOUNT;1.666;CJ;
000000000009000007;13.07.2026;CEDI;27.918;CJ;27.221
000000000009000007;20.07.2026;CEDI;25.765;CJ;28.086
000000000009000007;20.07.2026;HARD_DISCOUNT;1.546;CJ;
000000000009000007;27.07.2026;CEDI;26.184;CJ;25.768
000000000009000007;03.08.2026;CEDI;29.243;CJ;27.729
000000000009000007;03.08.2026;HARD_DISCOUNT;1.755;CJ;
000000000009000007;10.08.2026;CEDI;36.844;CJ;29.471
000000000009000007;17.08.2026;CEDI;28.512;CJ;41.685
000000000009000007;17.08.2026;HARD_DISCOUNT;1.711;CJ;
000000000009000007;24.08.2026;CEDI;29.530;CJ;29.649
000000000009000007;31.08.2026;CEDI;28.310;CJ;31.771
000000000009000007;31.08.2026;HARD_DISCOUNT;1.699;CJ;
000000000009000007;07.09.2026;CEDI;29.451;CJ;30.020
000000000009000007;14.09.2026;CEDI;28.649;CJ;29.606
000000000009000007;14.09.2026;HARD_DISCOUNT;1.719;CJ;
000000000009000007;21.09.2026;CEDI;29.399;CJ;29.576
000000000009000007;28.09.2026;CEDI;30.408;CJ;30.446
000000000009000007;28.09.2026;HARD_DISCOUNT;1.824;CJ;
000000000009000008;07.10.2024;CEDI;11.166;CJ;
000000000009000008;14.10.2024;CEDI;10.610;CJ;11.214
000000000009000008;21.10.2024;CEDI;11.127;CJ;11.141
000000000009000008;28.10.2024;CEDI;9.792;CJ;11.417
000000000009000008;04.11.2024;CEDI;12.384;CJ;9.511
000000000009000008;11.11.2024;CEDI;11.405;CJ;13.383
000000000009000008;18.11.2024;CEDI;10.033;CJ;11.772
000000000009000008;25.11.2024;CEDI;10.071;CJ;9.747
000000000009000008;02.12.2024;CEDI;10.875;CJ;10.467
000000000009000008;09.12.2024;CEDI;13.003;CJ;10.645
000000000009000008;16.12.2024;CEDI;11.485;CJ;12.882
000000000009000008;23.12.2024;CEDI;12.837;CJ;10.850
000000000009000008;30.12.2024;CEDI;12.263;CJ;12.364
000000000009000008;06.01.2025;CEDI;8.474;CJ;13.828
000000000009000008;13.01.2025;CEDI;9.745;CJ;8.572
000000000009000008;20.01.2025;CEDI;8.811;CJ;10.878
000000000009000008;27.01.2025;CEDI;8.976;CJ;8.357
000000000009000008;03.02.2025;CEDI;9.882;CJ;8.564
000000000009000008;10.02.2025;CEDI;10.125;CJ;10.149
000000000009000008;17.02.2025;CEDI;10.506;CJ;10.640
000000000009000008;24.02.2025;CEDI;9.866;CJ;11.678
000000000009000008;03.03.2025;CEDI;9.865;CJ;9.956
000000000009000008;10.03.2025;CEDI;10.564;CJ;9.499
000000000009000008;17.03.2025;CEDI;10.636;CJ;11.214
000000000009000008;24.03.2025;CEDI;10.836;CJ;10.332
000000000009000008;31.03.2025;CEDI;12.172;CJ;10.978
000000000009000008;07.04.2025;CEDI;10.773;CJ;13.404
000000000009000008;14.04.2025;CEDI;10.610;CJ;10.701
000000000009000008;21.04.2025;CEDI;9.801;CJ;11.107
000000000009000008;28.04.2025;CEDI;11.794;CJ;10.285
000000000009000008;05.05.2025;CEDI;13.071;CJ;12.651
000000000009000008;12.05.2025;CEDI;12.243;CJ;12.628
000000000009000008;19.05.2025;CEDI;9.575;CJ;11.551
000000000009000008;26.05.2025;CEDI;10.489;CJ;9.704
000000000009000008;02.06.2025;CEDI;11.346;CJ;11.476
000000000009000008;09.06.2025;CEDI;11.095;CJ;12.161
000000000009000008;16.06.2025;CEDI;9.881;CJ;11.794
000000000009000008;23.06.2025;CEDI;10.808;CJ;9.842
000000000009000008;30.06.2025;CEDI;10.685;CJ;11.076
000000000009000008;07.07.2025;CEDI;9.896;CJ;10.265
000000000009000008;14.07.2025;CEDI;10.182;CJ;11.157
000000000009000008;21.07.2025;CEDI;10.168;CJ;10.841
000000000009000008;28.07.2025;CEDI;10.387;CJ;10.058
000000000009000008;04.08.2025;CEDI;10.088;CJ;9.923
000000000009000008;11.08.2025;CEDI;9.711;CJ;10.081
000000000009000008;18.08.2025;CEDI;9.814;CJ;10.667
000000000009000008;25.08.2025;CEDI;11.823;CJ;10.200
000000000009000008;01.09.2025;CEDI;12.102;CJ;11.236
000000000009000008;08.09.2025;CEDI;11.839;CJ;13.535
000000000009000008;15.09.2025;CEDI;11.404;CJ;11.917
000000000009000008;22.09.2025;CEDI;10.677;CJ;10.816
000000000009000008;29.09.2025;CEDI;10.865;CJ;10.110
000000000009000008;06.10.2025;CEDI;10.060;CJ;11.120
000000000009000008;13.10.2025;CEDI;10.919;CJ;10.029
000000000009000008;20.10.2025;CEDI;10.335;CJ;11.194
000000000009000008;27.10.2025;CEDI;11.556;CJ;10.645
000000000009000008;03.11.2025;CEDI;11.068;CJ;11.070
000000000009000008;10.11.2025;CEDI;12.160;CJ;11.419
000000000009000008;17.11.2025;CEDI;11.776;CJ;13.275
000000000009000008;24.11.2025;CEDI;11.021;CJ;12.476
000000000009000008;01.12.2025;CEDI;11.898;CJ;12.032
000000000009000008;08.12.2025;CEDI;13.061;CJ;12.817
000000000009000008;15.12.2025;CEDI;11.469;CJ;14.653
000000000009000008;22.12.2025;CEDI;15.941;CJ;13.004
000000000009000008;29.12.2025;CEDI;15.550;CJ;15.966
000000000009000008;05.01.2026;CEDI;9.941;CJ;15.067
000000000009000008;12.01.2026;CEDI;11.063;CJ;9.630
000000000009000008;19.01.2026;CEDI;10.556;CJ;12.331
000000000009000008;26.01.2026;CEDI;9.920;CJ;11.899
000000000009000008;02.02.2026;CEDI;11.346;CJ;9.430
000000000009000008;09.02.2026;CEDI;10.322;CJ;11.941
000000000009000008;16.02.2026;CEDI;10.782;CJ;11.162
000000000009000008;23.02.2026;CEDI;11.158;CJ;10.613
000000000009000008;02.03.2026;CEDI;9.991;CJ;11.497
000000000009000008;09.03.2026;CEDI;10.251;CJ;10.359
000000000009000008;16.03.2026;CEDI;10.349;CJ;10.356
000000000009000008;23.03.2026;CEDI;9.149;CJ;11.084
000000000009000008;30.03.2026;CEDI;11.947;CJ;9.920
000000000009000008;06.04.2026;CEDI;9.661;CJ;12.282
000000000009000008;13.04.2026;CEDI;10.253;CJ;9.316
000000000009000008;20.04.2026;CEDI;10.344;CJ;11.440
000000000009000008;27.04.2026;CEDI;10.046;CJ;10.478
000000000009000008;04.05.2026;CEDI;12.009;CJ;10.595
000000000009000008;11.05.2026;CEDI;10.927;CJ;12.008
000000000009000008;18.05.2026;CEDI;11.592;CJ;10.295
000000000009000008;25.05.2026;CEDI;11.723;CJ;11.174
000000000009000008;01.06.2026;CEDI;10.713;CJ;12.113
000000000009000008;08.06.2026;CEDI;10.226;CJ;10.969
000000000009000008;15.06.2026;CEDI;11.007;CJ;9.659
000000000009000008;22.06.2026;CEDI;11.947;CJ;11.675
000000000009000008;29.06.2026;CEDI;11.626;CJ;12.426
000000000009000008;06.07.2026;CEDI;11.364;CJ;11.663
000000000009000008;13.07.2026;CEDI;11.529;CJ;11.966
000000000009000008;20.07.2026;CEDI;9.231;CJ;13.005
000000000009000008;27.07.2026;CEDI;10.795;CJ;10.375
000000000009000008;03.08.2026;CEDI;11.151;CJ;11.081
000000000009000008;10.08.2026;CEDI;11.280;CJ;11.866
000000000009000008;17.08.2026;CEDI;11.428;CJ;11.373
000000000009000008;24.08.2026;CEDI;11.332;CJ;11.538
000000000009000008;31.08.2026;CEDI;10.461;CJ;10.913
000000000009000008;07.09.2026;CEDI;12.167;CJ;10.967
000000000009000008;14.09.2026;CEDI;11.647;CJ;13.421
000000000009000008;21.09.2026;CEDI;10.517;CJ;10.974
000000000009000008;28.09.2026;CEDI;10.910;CJ;11.871
000000000009999999;21.09.2026;CEDI;100;CJ;
000000000009000001;23.09.2026;CEDI;100;CJ;
000000000009000001;03.01.2022;CEDI;100;CJ;
000000000009000001;21.09.2026;CEDI;abc;CJ;
000000000009000001;21.09.2026;XYZ;100;CJ;
000000000009000001;14.09.2026;CEDI;-5;CJ;
000000000009000001;25.11.2024;CEDI;41.905;CJ;46.385
000000000009000001;12.10.2026;CEDI;100;CJ;
