Fecha contabilización;Hora;Material;Centro;Almacén;Clase movimiento;Cantidad;UM;Documento material
07.09.2026;06:30;000000000009000001;1000;0001;101;8.164;CJ;4900000000
07.09.2026;15:10;000000000009000001;1000;0001;601;-8.328;CJ;4900000001
08.09.2026;06:30;000000000009000001;1000;0001;101;8.255;CJ;4900000002
08.09.2026;15:10;000000000009000001;1000;0001;601;-8.420;CJ;4900000003
09.09.2026;06:30;000000000009000001;1000;0001;101;9.911;CJ;4900000004
09.09.2026;15:10;000000000009000001;1000;0001;601;-10.109;CJ;4900000005
10.09.2026;06:30;000000000009000001;1000;0001;101;9.408;CJ;4900000006
10.09.2026;15:10;000000000009000001;1000;0001;601;-9.596;CJ;4900000007
11.09.2026;06:30;000000000009000001;1000;0001;101;9.087;CJ;4900000008
11.09.2026;15:10;000000000009000001;1000;0001;601;-9.269;CJ;4900000009
14.09.2026;06:30;000000000009000001;1000;0001;101;8.877;CJ;4900000010
14.09.2026;15:10;000000000009000001;1000;0001;601;-9.055;CJ;4900000011
15.09.2026;06:30;000000000009000001;1000;0001;101;8.987;CJ;4900000012
15.09.2026;15:10;000000000009000001;1000;0001;601;-9.167;CJ;4900000013
16.09.2026;06:30;000000000009000001;1000;0001;101;8.577;CJ;4900000014
16.09.2026;15:10;000000000009000001;1000;0001;601;-8.749;CJ;4900000015
17.09.2026;06:30;000000000009000001;1000;0001;101;9.144;CJ;4900000016
17.09.2026;15:10;000000000009000001;1000;0001;601;-9.327;CJ;4900000017
18.09.2026;06:30;000000000009000001;1000;0001;101;9.464;CJ;4900000018
18.09.2026;15:10;000000000009000001;1000;0001;601;-9.653;CJ;4900000019
21.09.2026;06:30;000000000009000001;1000;0001;101;8.610;CJ;4900000020
21.09.2026;15:10;000000000009000001;1000;0001;601;-8.782;CJ;4900000021
22.09.2026;06:30;000000000009000001;1000;0001;101;8.425;CJ;4900000022
22.09.2026;15:10;000000000009000001;1000;0001;601;-8.594;CJ;4900000023
23.09.2026;06:30;000000000009000001;1000;0001;101;9.526;CJ;4900000024
23.09.2026;15:10;000000000009000001;1000;0001;601;-9.716;CJ;4900000025
24.09.2026;06:30;000000000009000001;1000;0001;101;9.081;CJ;4900000026
24.09.2026;15:10;000000000009000001;1000;0001;601;-9.263;CJ;4900000027
25.09.2026;06:30;000000000009000001;1000;0001;101;8.500;CJ;4900000028
25.09.2026;15:10;000000000009000001;1000;0001;601;-8.670;CJ;4900000029
28.09.2026;06:30;000000000009000001;1000;0001;101;8.809;CJ;4900000030
28.09.2026;15:10;000000000009000001;1000;0001;601;-8.985;CJ;4900000031
29.09.2026;06:30;000000000009000001;1000;0001;101;8.674;CJ;4900000032
29.09.2026;15:10;000000000009000001;1000;0001;601;-8.847;CJ;4900000033
30.09.2026;06:30;000000000009000001;1000;0001;101;9.111;CJ;4900000034
30.09.2026;15:10;000000000009000001;1000;0001;601;-9.293;CJ;4900000035
01.10.2026;06:30;000000000009000001;1000;0001;101;8.679;CJ;4900000036
01.10.2026;15:10;000000000009000001;1000;0001;601;-8.853;CJ;4900000037
02.10.2026;06:30;000000000009000001;1000;0001;101;9.913;CJ;4900000038
02.10.2026;15:10;000000000009000001;1000;0001;601;-10.111;CJ;4900000039
07.09.2026;06:30;000000000009000002;1000;0001;101;5.727;CJ;4900000040
07.09.2026;15:10;000000000009000002;1000;0001;601;-5.842;CJ;4900000041
08.09.2026;06:30;000000000009000002;1000;0001;101;6.488;CJ;4900000042
08.09.2026;15:10;000000000009000002;1000;0001;601;-6.618;CJ;4900000043
09.09.2026;06:30;000000000009000002;1000;0001;101;5.659;CJ;4900000044
09.09.2026;15:10;000000000009000002;1000;0001;601;-5.772;CJ;4900000045
10.09.2026;06:30;000000000009000002;1000;0001;101;5.602;CJ;4900000046
10.09.2026;15:10;000000000009000002;1000;0001;601;-5.714;CJ;4900000047
11.09.2026;06:30;000000000009000002;1000;0001;101;5.615;CJ;4900000048
11.09.2026;15:10;000000000009000002;1000;0001;601;-5.728;CJ;4900000049
14.09.2026;06:30;000000000009000002;1000;0001;101;5.780;CJ;4900000050
14.09.2026;15:10;000000000009000002;1000;0001;601;-5.895;CJ;4900000051
15.09.2026;06:30;000000000009000002;1000;0001;101;6.090;CJ;4900000052
15.09.2026;15:10;000000000009000002;1000;0001;601;-6.212;CJ;4900000053
16.09.2026;06:30;000000000009000002;1000;0001;101;6.348;CJ;4900000054
16.09.2026;15:10;000000000009000002;1000;0001;601;-6.475;CJ;4900000055
17.09.2026;06:30;000000000009000002;1000;0001;101;5.519;CJ;4900000056
17.09.2026;15:10;000000000009000002;1000;0001;601;-5.629;CJ;4900000057
18.09.2026;06:30;000000000009000002;1000;0001;101;6.530;CJ;4900000058
18.09.2026;15:10;000000000009000002;1000;0001;601;-6.661;CJ;4900000059
21.09.2026;06:30;000000000009000002;1000;0001;101;6.097;CJ;4900000060
21.09.2026;15:10;000000000009000002;1000;0001;601;-6.219;CJ;4900000061
22.09.2026;06:30;000000000009000002;1000;0001;101;6.179;CJ;4900000062
22.09.2026;15:10;000000000009000002;1000;0001;601;-6.302;CJ;4900000063
23.09.2026;06:30;000000000009000002;1000;0001;101;6.249;CJ;4900000064
23.09.2026;15:10;000000000009000002;1000;0001;601;-6.374;CJ;4900000065
24.09.2026;06:30;000000000009000002;1000;0001;101;6.594;CJ;4900000066
24.09.2026;15:10;000000000009000002;1000;0001;601;-6.726;CJ;4900000067
25.09.2026;06:30;000000000009000002;1000;0001;101;6.182;CJ;4900000068
25.09.2026;15:10;000000000009000002;1000;0001;601;-6.306;CJ;4900000069
28.09.2026;06:30;000000000009000002;1000;0001;101;6.540;CJ;4900000070
28.09.2026;15:10;000000000009000002;1000;0001;601;-6.671;CJ;4900000071
29.09.2026;06:30;000000000009000002;1000;0001;101;6.427;CJ;4900000072
29.09.2026;15:10;000000000009000002;1000;0001;601;-6.556;CJ;4900000073
30.09.2026;06:30;000000000009000002;1000;0001;101;5.477;CJ;4900000074
30.09.2026;15:10;000000000009000002;1000;0001;601;-5.587;CJ;4900000075
01.10.2026;06:30;000000000009000002;1000;0001;101;5.640;CJ;4900000076
01.10.2026;15:10;000000000009000002;1000;0001;601;-5.753;CJ;4900000077
02.10.2026;06:30;000000000009000002;1000;0001;101;5.859;CJ;4900000078
02.10.2026;15:10;000000000009000002;1000;0001;601;-5.977;CJ;4900000079
07.09.2026;06:30;000000000009000003;1000;0001;101;7.152;CJ;4900000080
07.09.2026;15:10;000000000009000003;1000;0001;601;-7.295;CJ;4900000081
08.09.2026;06:30;000000000009000003;1000;0001;101;6.563;CJ;4900000082
08.09.2026;15:10;000000000009000003;1000;0001;601;-6.695;CJ;4900000083
09.09.2026;06:30;000000000009000003;1000;0001;101;6.662;CJ;4900000084
09.09.2026;15:10;000000000009000003;1000;0001;601;-6.795;CJ;4900000085
10.09.2026;06:30;000000000009000003;1000;0001;101;7.649;CJ;4900000086
10.09.2026;15:10;000000000009000003;1000;0001;601;-7.802;CJ;4900000087
11.09.2026;06:30;000000000009000003;1000;0001;101;7.070;CJ;4900000088
11.09.2026;15:10;000000000009000003;1000;0001;601;-7.211;CJ;4900000089
14.09.2026;06:30;000000000009000003;1000;0001;101;7.154;CJ;4900000090
14.09.2026;15:10;000000000009000003;1000;0001;601;-7.297;CJ;4900000091
15.09.2026;06:30;000000000009000003;1000;0001;101;7.214;CJ;4900000092
15.09.2026;15:10;000000000009000003;1000;0001;601;-7.359;CJ;4900000093
16.09.2026;06:30;000000000009000003;1000;0001;101;7.908;CJ;4900000094
16.09.2026;15:10;000000000009000003;1000;0001;601;-8.066;CJ;4900000095
17.09.2026;06:30;000000000009000003;1000;0001;101;7.555;CJ;4900000096
17.09.2026;15:10;000000000009000003;1000;0001;601;-7.706;CJ;4900000097
18.09.2026;06:30;000000000009000003;1000;0001;101;7.533;CJ;4900000098
18.09.2026;15:10;000000000009000003;1000;0001;601;-7.684;CJ;4900000099
21.09.2026;06:30;000000000009000003;1000;0001;101;7.014;CJ;4900000100
21.09.2026;15:10;000000000009000003;1000;0001;601;-7.154;CJ;4900000101
22.09.2026;06:30;000000000009000003;1000;0001;101;7.051;CJ;4900000102
22.09.2026;15:10;000000000009000003;1000;0001;601;-7.192;CJ;4900000103
23.09.2026;06:30;000000000009000003;1000;0001;101;6.736;CJ;4900000104
23.09.2026;15:10;000000000009000003;1000;0001;601;-6.870;CJ;4900000105
24.09.2026;06:30;000000000009000003;1000;0001;101;6.728;CJ;4900000106
24.09.2026;15:10;000000000009000003;1000;0001;601;-6.862;CJ;4900000107
25.09.2026;06:30;000000000009000003;1000;0001;101;7.860;CJ;4900000108
25.09.2026;15:10;000000000009000003;1000;0001;601;-8.017;CJ;4900000109
28.09.2026;06:30;000000000009000003;1000;0001;101;7.002;CJ;4900000110
28.09.2026;15:10;000000000009000003;1000;0001;601;-7.142;CJ;4900000111
29.09.2026;06:30;000000000009000003;1000;0001;101;6.810;CJ;4900000112
29.09.2026;15:10;000000000009000003;1000;0001;601;-6.947;CJ;4900000113
30.09.2026;06:30;000000000009000003;1000;0001;101;7.452;CJ;4900000114
30.09.2026;15:10;000000000009000003;1000;0001;601;-7.601;CJ;4900000115
01.10.2026;06:30;000000000009000003;1000;0001;101;7.023;CJ;4900000116
01.10.2026;15:10;000000000009000003;1000;0001;601;-7.163;CJ;4900000117
02.10.2026;06:30;000000000009000003;1000;0001;101;6.597;CJ;4900000118
02.10.2026;15:10;000000000009000003;1000;0001;601;-6.729;CJ;4900000119
07.09.2026;06:30;000000000009000004;1000;0001;101;6.159;CJ;4900000120
07.09.2026;15:10;000000000009000004;1000;0001;601;-6.282;CJ;4900000121
08.09.2026;06:30;000000000009000004;1000;0001;101;6.441;CJ;4900000122
08.09.2026;15:10;000000000009000004;1000;0001;601;-6.569;CJ;4900000123
09.09.2026;06:30;000000000009000004;1000;0001;101;5.997;CJ;4900000124
09.09.2026;15:10;000000000009000004;1000;0001;601;-6.117;CJ;4900000125
10.09.2026;06:30;000000000009000004;1000;0001;101;6.328;CJ;4900000126
10.09.2026;15:10;000000000009000004;1000;0001;601;-6.455;CJ;4900000127
11.09.2026;06:30;000000000009000004;1000;0001;101;6.124;CJ;4900000128
11.09.2026;15:10;000000000009000004;1000;0001;601;-6.247;CJ;4900000129
14.09.2026;06:30;000000000009000004;1000;0001;101;6.439;CJ;4900000130
14.09.2026;15:10;000000000009000004;1000;0001;601;-6.568;CJ;4900000131
15.09.2026;06:30;000000000009000004;1000;0001;101;5.485;CJ;4900000132
15.09.2026;15:10;000000000009000004;1000;0001;601;-5.595;CJ;4900000133
16.09.2026;06:30;000000000009000004;1000;0001;101;5.976;CJ;4900000134
16.09.2026;15:10;000000000009000004;1000;0001;601;-6.095;CJ;4900000135
17.09.2026;06:30;000000000009000004;1000;0001;101;6.117;CJ;4900000136
17.09.2026;15:10;000000000009000004;1000;0001;601;-6.240;CJ;4900000137
18.09.2026;06:30;000000000009000004;1000;0001;101;6.405;CJ;4900000138
18.09.2026;15:10;000000000009000004;1000;0001;601;-6.533;CJ;4900000139
21.09.2026;06:30;000000000009000004;1000;0001;101;6.487;CJ;4900000140
21.09.2026;15:10;000000000009000004;1000;0001;601;-6.617;CJ;4900000141
22.09.2026;06:30;000000000009000004;1000;0001;101;6.341;CJ;4900000142
22.09.2026;15:10;000000000009000004;1000;0001;601;-6.468;CJ;4900000143
23.09.2026;06:30;000000000009000004;1000;0001;101;6.052;CJ;4900000144
23.09.2026;15:10;000000000009000004;1000;0001;601;-6.173;CJ;4900000145
24.09.2026;06:30;000000000009000004;1000;0001;101;6.491;CJ;4900000146
24.09.2026;15:10;000000000009000004;1000;0001;601;-6.621;CJ;4900000147
25.09.2026;06:30;000000000009000004;1000;0001;101;6.495;CJ;4900000148
25.09.2026;15:10;000000000009000004;1000;0001;601;-6.625;CJ;4900000149
28.09.2026;06:30;000000000009000004;1000;0001;101;5.998;CJ;4900000150
28.09.2026;15:10;000000000009000004;1000;0001;601;-6.118;CJ;4900000151
29.09.2026;06:30;000000000009000004;1000;0001;101;6.318;CJ;4900000152
29.09.2026;15:10;000000000009000004;1000;0001;601;-6.445;CJ;4900000153
30.09.2026;06:30;000000000009000004;1000;0001;101;5.353;CJ;4900000154
30.09.2026;15:10;000000000009000004;1000;0001;601;-5.460;CJ;4900000155
01.10.2026;06:30;000000000009000004;1000;0001;101;5.959;CJ;4900000156
01.10.2026;15:10;000000000009000004;1000;0001;601;-6.078;CJ;4900000157
02.10.2026;06:30;000000000009000004;1000;0001;101;5.736;CJ;4900000158
02.10.2026;15:10;000000000009000004;1000;0001;601;-5.850;CJ;4900000159
07.09.2026;06:30;000000000009000005;1000;0001;101;220.673;UN;4900000160
07.09.2026;15:10;000000000009000005;1000;0001;601;-225.087;UN;4900000161
08.09.2026;06:30;000000000009000005;1000;0001;101;213.291;UN;4900000162
08.09.2026;15:10;000000000009000005;1000;0001;601;-217.556;UN;4900000163
09.09.2026;06:30;000000000009000005;1000;0001;101;221.989;UN;4900000164
09.09.2026;15:10;000000000009000005;1000;0001;601;-226.429;UN;4900000165
10.09.2026;06:30;000000000009000005;1000;0001;101;231.346;UN;4900000166
10.09.2026;15:10;000000000009000005;1000;0001;601;-235.973;UN;4900000167
11.09.2026;06:30;000000000009000005;1000;0001;101;213.631;UN;4900000168
11.09.2026;15:10;000000000009000005;1000;0001;601;-217.904;UN;4900000169
14.09.2026;06:30;000000000009000005;1000;0001;101;224.850;UN;4900000170
14.09.2026;15:10;000000000009000005;1000;0001;601;-229.347;UN;4900000171
15.09.2026;06:30;000000000009000005;1000;0001;101;208.243;UN;4900000172
15.09.2026;15:10;000000000009000005;1000;0001;601;-212.408;UN;4900000173
16.09.2026;06:30;000000000009000005;1000;0001;101;217.213;UN;4900000174
16.09.2026;15:10;000000000009000005;1000;0001;601;-221.557;UN;4900000175
17.09.2026;06:30;000000000009000005;1000;0001;101;221.277;UN;4900000176
17.09.2026;15:10;000000000009000005;1000;0001;601;-225.702;UN;4900000177
18.09.2026;06:30;000000000009000005;1000;0001;101;213.384;UN;4900000178
18.09.2026;15:10;000000000009000005;1000;0001;601;-217.651;UN;4900000179
21.09.2026;06:30;000000000009000005;1000;0001;101;203.275;UN;4900000180
21.09.2026;15:10;000000000009000005;1000;0001;601;-207.341;UN;4900000181
22.09.2026;06:30;000000000009000005;1000;0001;101;200.084;UN;4900000182
22.09.2026;15:10;000000000009000005;1000;0001;601;-204.086;UN;4900000183
23.09.2026;06:30;000000000009000005;1000;0001;101;190.473;UN;4900000184
23.09.2026;15:10;000000000009000005;1000;0001;601;-194.283;UN;4900000185
24.09.2026;06:30;000000000009000005;1000;0001;101;191.097;UN;4900000186
24.09.2026;15:10;000000000009000005;1000;0001;601;-194.919;UN;4900000187
25.09.2026;06:30;000000000009000005;1000;0001;101;229.929;UN;4900000188
25.09.2026;15:10;000000000009000005;1000;0001;601;-234.528;UN;4900000189
28.09.2026;06:30;000000000009000005;1000;0001;101;225.282;UN;4900000190
28.09.2026;15:10;000000000009000005;1000;0001;601;-229.787;UN;4900000191
29.09.2026;06:30;000000000009000005;1000;0001;101;216.717;UN;4900000192
29.09.2026;15:10;000000000009000005;1000;0001;601;-221.051;UN;4900000193
30.09.2026;06:30;000000000009000005;1000;0001;101;190.688;UN;4900000194
30.09.2026;15:10;000000000009000005;1000;0001;601;-194.502;UN;4900000195
01.10.2026;06:30;000000000009000005;1000;0001;101;216.222;UN;4900000196
01.10.2026;15:10;000000000009000005;1000;0001;601;-220.547;UN;4900000197
02.10.2026;06:30;000000000009000005;1000;0001;101;215.208;UN;4900000198
02.10.2026;15:10;000000000009000005;1000;0001;601;-219.513;UN;4900000199
07.09.2026;06:30;000000000009000006;2000;0001;101;818,09;KG;4900000200
07.09.2026;15:10;000000000009000006;2000;0001;601;-834,45;KG;4900000201
08.09.2026;06:30;000000000009000006;2000;0001;101;861,68;KG;4900000202
08.09.2026;15:10;000000000009000006;2000;0001;601;-878,92;KG;4900000203
09.09.2026;06:30;000000000009000006;2000;0001;101;749,27;KG;4900000204
09.09.2026;15:10;000000000009000006;2000;0001;601;-764,25;KG;4900000205
10.09.2026;06:30;000000000009000006;2000;0001;101;860,34;KG;4900000206
10.09.2026;15:10;000000000009000006;2000;0001;601;-877,54;KG;4900000207
11.09.2026;06:30;000000000009000006;2000;0001;101;807,60;KG;4900000208
11.09.2026;15:10;000000000009000006;2000;0001;601;-823,75;KG;4900000209
14.09.2026;06:30;000000000009000006;2000;0001;101;831,90;KG;4900000210
14.09.2026;15:10;000000000009000006;2000;0001;601;-848,53;KG;4900000211
15.09.2026;06:30;000000000009000006;2000;0001;101;803,59;KG;4900000212
15.09.2026;15:10;000000000009000006;2000;0001;601;-819,66;KG;4900000213
16.09.2026;06:30;000000000009000006;2000;0001;101;835,85;KG;4900000214
16.09.2026;15:10;000000000009000006;2000;0001;601;-852,57;KG;4900000215
17.09.2026;06:30;000000000009000006;2000;0001;101;727,48;KG;4900000216
17.09.2026;15:10;000000000009000006;2000;0001;601;-742,03;KG;4900000217
18.09.2026;06:30;000000000009000006;2000;0001;101;861,58;KG;4900000218
18.09.2026;15:10;000000000009000006;2000;0001;601;-878,81;KG;4900000219
21.09.2026;06:30;000000000009000006;2000;0001;101;785,17;KG;4900000220
21.09.2026;15:10;000000000009000006;2000;0001;601;-800,87;KG;4900000221
22.09.2026;06:30;000000000009000006;2000;0001;101;794,57;KG;4900000222
22.09.2026;15:10;000000000009000006;2000;0001;601;-810,46;KG;4900000223
23.09.2026;06:30;000000000009000006;2000;0001;101;730,90;KG;4900000224
23.09.2026;15:10;000000000009000006;2000;0001;601;-745,52;KG;4900000225
24.09.2026;06:30;000000000009000006;2000;0001;101;767,80;KG;4900000226
24.09.2026;15:10;000000000009000006;2000;0001;601;-783,15;KG;4900000227
25.09.2026;06:30;000000000009000006;2000;0001;101;738,71;KG;4900000228
25.09.2026;15:10;000000000009000006;2000;0001;601;-753,48;KG;4900000229
28.09.2026;06:30;000000000009000006;2000;0001;101;833,25;KG;4900000230
28.09.2026;15:10;000000000009000006;2000;0001;601;-849,91;KG;4900000231
29.09.2026;06:30;000000000009000006;2000;0001;101;840,78;KG;4900000232
29.09.2026;15:10;000000000009000006;2000;0001;601;-857,60;KG;4900000233
30.09.2026;06:30;000000000009000006;2000;0001;101;821,08;KG;4900000234
30.09.2026;15:10;000000000009000006;2000;0001;601;-837,50;KG;4900000235
01.10.2026;06:30;000000000009000006;2000;0001;101;808,93;KG;4900000236
01.10.2026;15:10;000000000009000006;2000;0001;601;-825,11;KG;4900000237
02.10.2026;06:30;000000000009000006;2000;0001;101;860,96;KG;4900000238
02.10.2026;15:10;000000000009000006;2000;0001;601;-878,18;KG;4900000239
07.09.2026;06:30;000000000009000007;2000;0001;101;5.819;CJ;4900000240
07.09.2026;15:10;000000000009000007;2000;0001;601;-5.936;CJ;4900000241
08.09.2026;06:30;000000000009000007;2000;0001;101;5.964;CJ;4900000242
08.09.2026;15:10;000000000009000007;2000;0001;601;-6.083;CJ;4900000243
09.09.2026;06:30;000000000009000007;2000;0001;101;6.213;CJ;4900000244
09.09.2026;15:10;000000000009000007;2000;0001;601;-6.338;CJ;4900000245
10.09.2026;06:30;000000000009000007;2000;0001;101;5.683;CJ;4900000246
10.09.2026;15:10;000000000009000007;2000;0001;601;-5.796;CJ;4900000247
11.09.2026;06:30;000000000009000007;2000;0001;101;5.387;CJ;4900000248
11.09.2026;15:10;000000000009000007;2000;0001;601;-5.495;CJ;4900000249
14.09.2026;06:30;000000000009000007;2000;0001;101;5.790;CJ;4900000250
14.09.2026;15:10;000000000009000007;2000;0001;601;-5.906;CJ;4900000251
15.09.2026;06:30;000000000009000007;2000;0001;101;6.032;CJ;4900000252
15.09.2026;15:10;000000000009000007;2000;0001;601;-6.152;CJ;4900000253
16.09.2026;06:30;000000000009000007;2000;0001;101;6.098;CJ;4900000254
16.09.2026;15:10;000000000009000007;2000;0001;601;-6.220;CJ;4900000255
17.09.2026;06:30;000000000009000007;2000;0001;101;5.342;CJ;4900000256
17.09.2026;15:10;000000000009000007;2000;0001;601;-5.448;CJ;4900000257
18.09.2026;06:30;000000000009000007;2000;0001;101;5.757;CJ;4900000258
18.09.2026;15:10;000000000009000007;2000;0001;601;-5.872;CJ;4900000259
21.09.2026;06:30;000000000009000007;2000;0001;101;5.669;CJ;4900000260
21.09.2026;15:10;000000000009000007;2000;0001;601;-5.783;CJ;4900000261
22.09.2026;06:30;000000000009000007;2000;0001;101;5.724;CJ;4900000262
22.09.2026;15:10;000000000009000007;2000;0001;601;-5.838;CJ;4900000263
23.09.2026;06:30;000000000009000007;2000;0001;101;5.331;CJ;4900000264
23.09.2026;15:10;000000000009000007;2000;0001;601;-5.437;CJ;4900000265
24.09.2026;06:30;000000000009000007;2000;0001;101;5.411;CJ;4900000266
24.09.2026;15:10;000000000009000007;2000;0001;601;-5.519;CJ;4900000267
25.09.2026;06:30;000000000009000007;2000;0001;101;5.625;CJ;4900000268
25.09.2026;15:10;000000000009000007;2000;0001;601;-5.738;CJ;4900000269
28.09.2026;06:30;000000000009000007;2000;0001;101;5.669;CJ;4900000270
28.09.2026;15:10;000000000009000007;2000;0001;601;-5.783;CJ;4900000271
29.09.2026;06:30;000000000009000007;2000;0001;101;5.320;CJ;4900000272
29.09.2026;15:10;000000000009000007;2000;0001;601;-5.426;CJ;4900000273
30.09.2026;06:30;000000000009000007;2000;0001;101;5.129;CJ;4900000274
30.09.2026;15:10;000000000009000007;2000;0001;601;-5.232;CJ;4900000275
01.10.2026;06:30;000000000009000007;2000;0001;101;5.323;CJ;4900000276
01.10.2026;15:10;000000000009000007;2000;0001;601;-5.429;CJ;4900000277
02.10.2026;06:30;000000000009000007;2000;0001;101;5.153;CJ;4900000278
02.10.2026;15:10;000000000009000007;2000;0001;601;-5.256;CJ;4900000279
07.09.2026;06:30;000000000009000008;2000;0001;101;2.073;CJ;4900000280
07.09.2026;15:10;000000000009000008;2000;0001;601;-2.115;CJ;4900000281
08.09.2026;06:30;000000000009000008;2000;0001;101;2.419;CJ;4900000282
08.09.2026;15:10;000000000009000008;2000;0001;601;-2.468;CJ;4900000283
09.09.2026;06:30;000000000009000008;2000;0001;101;2.467;CJ;4900000284
09.09.2026;15:10;000000000009000008;2000;0001;601;-2.517;CJ;4900000285
10.09.2026;06:30;000000000009000008;2000;0001;101;2.052;CJ;4900000286
10.09.2026;15:10;000000000009000008;2000;0001;601;-2.093;CJ;4900000287
11.09.2026;06:30;000000000009000008;2000;0001;101;2.104;CJ;4900000288
11.09.2026;15:10;000000000009000008;2000;0001;601;-2.146;CJ;4900000289
14.09.2026;06:30;000000000009000008;2000;0001;101;2.207;CJ;4900000290
14.09.2026;15:10;000000000009000008;2000;0001;601;-2.251;CJ;4900000291
15.09.2026;06:30;000000000009000008;2000;0001;101;2.250;CJ;4900000292
15.09.2026;15:10;000000000009000008;2000;0001;601;-2.295;CJ;4900000293
16.09.2026;06:30;000000000009000008;2000;0001;101;2.355;CJ;4900000294
16.09.2026;15:10;000000000009000008;2000;0001;601;-2.402;CJ;4900000295
17.09.2026;06:30;000000000009000008;2000;0001;101;2.191;CJ;4900000296
17.09.2026;15:10;000000000009000008;2000;0001;601;-2.235;CJ;4900000297
18.09.2026;06:30;000000000009000008;2000;0001;101;2.187;CJ;4900000298
18.09.2026;15:10;000000000009000008;2000;0001;601;-2.231;CJ;4900000299
21.09.2026;06:30;000000000009000008;2000;0001;101;2.381;CJ;4900000300
21.09.2026;15:10;000000000009000008;2000;0001;601;-2.429;CJ;4900000301
22.09.2026;06:30;000000000009000008;2000;0001;101;2.345;CJ;4900000302
22.09.2026;15:10;000000000009000008;2000;0001;601;-2.392;CJ;4900000303
23.09.2026;06:30;000000000009000008;2000;0001;101;2.385;CJ;4900000304
23.09.2026;15:10;000000000009000008;2000;0001;601;-2.433;CJ;4900000305
24.09.2026;06:30;000000000009000008;2000;0001;101;2.263;CJ;4900000306
24.09.2026;15:10;000000000009000008;2000;0001;601;-2.309;CJ;4900000307
25.09.2026;06:30;000000000009000008;2000;0001;101;2.384;CJ;4900000308
25.09.2026;15:10;000000000009000008;2000;0001;601;-2.432;CJ;4900000309
28.09.2026;06:30;000000000009000008;2000;0001;101;2.210;CJ;4900000310
28.09.2026;15:10;000000000009000008;2000;0001;601;-2.255;CJ;4900000311
29.09.2026;06:30;000000000009000008;2000;0001;101;2.278;CJ;4900000312
29.09.2026;15:10;000000000009000008;2000;0001;601;-2.324;CJ;4900000313
30.09.2026;06:30;000000000009000008;2000;0001;101;2.157;CJ;4900000314
30.09.2026;15:10;000000000009000008;2000;0001;601;-2.200;CJ;4900000315
01.10.2026;06:30;000000000009000008;2000;0001;101;2.262;CJ;4900000316
01.10.2026;15:10;000000000009000008;2000;0001;601;-2.308;CJ;4900000317
02.10.2026;06:30;000000000009000008;2000;0001;101;2.374;CJ;4900000318
02.10.2026;15:10;000000000009000008;2000;0001;601;-2.422;CJ;4900000319
10.01.2023;06:30;000000000009000003;1000;0001;101;10;CJ;4000000001
06.10.2026;06:30;000000000009000003;1000;0001;101;10;CJ;4000000002
01.08.2026;06:30;000000000009000003;1000;0001;101;10;CJ;4000000003
07.09.2026;06:30;000000000009000001;1000;0001;101;8.164;CJ;4900000000
02.10.2026;06:30;000000000009000003;1000;0001;101;900.000;CJ;4000000004
